,quantity,average_trading_price,ema100 at buying,highest_traded_closing_price_after_buy,PNL,buy_trigger,crossed_lower_target,crossed_higher_target
ACC,0,0,2261.27,0,"[('2019-03-15', 'BOUGHT for', 1531.85, 1531.85, 14.0, 'HTP: ', 0, 'ema100: ', 1458.87, 'sl diff: ', 72.98000000000002, 'risk amount: ', 1021.85, 'current total fund: ', 102185.0), ('2019-04-24', 'SOLD for', 1606.0, 1531.85, 'PNL: ', 4.84, 'REASON: Hit below Trailing Stop-loss', 'HTP: ', 1703.0, 'EMA100: ', 1527.97), ('2019-04-30', 'BOUGHT for', 1632.05, 1632.05, 11.0, 'HTP: ', 0, 'ema100: ', 1533.92, 'sl diff: ', 98.12999999999988, 'risk amount: ', 1064.797, 'current total fund: ', 106479.7), ('2019-05-02', 'BUYING CHANCE!', 1613.1, 1632.05, 11.0), ('2019-05-20', 'BUYING CHANCE!', 1662.95, 1632.05, 11.0), ('2019-06-04', 'SOLD for', 1657.65, 1632.05, 'PNL: ', 1.57, 'REASON: Hit below Trailing Stop-loss', 'HTP: ', 1759.8, 'EMA100: ', 1577.18), ('2019-07-15', 'BUYING CHANCE!', 1594.75, 0, 0), ('2019-08-09', 'BUYING CHANCE!', 1574.6, 0, 0), ('2020-10-12', 'BUYING CHANCE!', 1516.95, 0, 0), ('2020-12-24', 'BUYING CHANCE!', 1614.65, 0, 0), ('2021-02-02', 'BUYING CHANCE!', 1762.85, 0, 0), ('2021-02-26', 'BOUGHT for', 1733.2, 1733.2, 23.0, 'HTP: ', 0, 'ema100: ', 1650.86, 'sl diff: ', 82.34000000000015, 'risk amount: ', 1870.6434999999997, 'current total fund: ', 187064.34999999998), ('2021-03-22', 'BUYING CHANCE!', 1860.0, 1733.2, 23.0), ('2021-04-13', 'SOLD for', 1882.15, 1733.2, 'PNL: ', 8.59393030233095, 'REASON: Selling by Stochastic indication', 'HTP: ', 1981.65, 'EMA100: ', 1740.44), ('2021-07-08', 'BUYING CHANCE!', 2029.5, 0, 0), ('2021-08-27', 'BOUGHT for', 2348.1, 2348.1, 9.0, 'HTP: ', 0, 'ema100: ', 2097.7, 'sl diff: ', 250.4000000000001, 'risk amount: ', 2159.9109999999996, 'current total fund: ', 215991.09999999995), ('2021-10-06', 'SOLD for', 2203.25, 2348.1, 'PNL: ', -6.168817341680504, 'REASON: Selling by Stop-loss hit', 'HTP: ', 2483.5, 'EMA100: ', 2207.12), ('2021-10-14', 'BUYING CHANCE!', 2309.85, 0, 0), ('2021-10-28', 'BOUGHT for', 2287.85, 2287.85, 33.0, 'HTP: ', 0, 'ema100: ', 2219.2, 'sl diff: ', 68.65000000000009, 'risk amount: ', 2258.5375, 'current total fund: ', 225853.75), ('2021-11-18', 'SOLD for', 2440.5, 2287.85, 'PNL: ', 6.67, 'REASON: Hit below Trailing Stop-loss', 'HTP: ', 2571.95, 'EMA100: ', 2282.73), ('2022-01-07', 'BUYING CHANCE!', 2284.6, 0, 0)]",False,False,False
ABBOTINDIA,0,0,19152.02,0,"[('2019-01-04', 'BOUGHT for', 7504.5, 7504.5, 13.0, 'HTP: ', 0, 'ema100: ', 7427.52, 'sl diff: ', 76.97999999999956, 'risk amount: ', 1000.0, 'current total fund: ', 100000.0), ('2019-02-11', 'SOLD for', 7666.4, 7504.5, 'PNL: ', 2.16, 'REASON: Hit below Trailing Stop-loss', 'HTP: ', 8242.6, 'EMA100: ', 7685.36), ('2019-05-29', 'BUYING CHANCE!', 7806.35, 0, 0), ('2020-02-04', 'BUYING CHANCE!', 13134.35, 0, 0), ('2020-03-16', 'BOUGHT for', 14421.55, 14421.55, 1.0, 'HTP: ', 0, 'ema100: ', 13208.5, 'sl diff: ', 1213.0499999999993, 'risk amount: ', 1013.4004999999996, 'current total fund: ', 101340.04999999996), ('2020-03-19', 'SOLD for', 13249.3, 14421.55, 'PNL: ', -8.128460533021762, 'REASON: Selling by Stop-loss hit', 'HTP: ', 14904.65, 'EMA100: ', 13261.57), ('2020-03-25', 'BOUGHT for', 14232.65, 14232.65, 1.0, 'HTP: ', 0, 'ema100: ', 13319.75, 'sl diff: ', 912.8999999999996, 'risk amount: ', 1013.4004999999996, 'current total fund: ', 101340.04999999996), ('2020-04-17', 'SOLD for', 16918.5, 14232.65, 'PNL: ', 18.87, 'REASON: Hit below Trailing Stop-loss', 'HTP: ', 17884.6, 'EMA100: ', 14007.43), ('2020-08-03', 'BUYING CHANCE!', 16009.1, 0, 0), ('2020-09-08', 'BUYING CHANCE!', 16723.0, 0, 0), ('2020-09-28', 'BUYING CHANCE!', 16318.2, 0, 0), ('2021-05-12', 'BOUGHT for', 16158.4, 16158.4, 2.0, 'HTP: ', 0, 'ema100: ', 15140.45, 'sl diff: ', 1017.9499999999989, 'risk amount: ', 1921.4275, 'current total fund: ', 192142.75), ('2021-08-04', 'SOLD for', 18029.65, 16158.4, 'PNL: ', 11.580663927121508, 'REASON: Selling by Stochastic indication', 'HTP: ', 19750.7, 'EMA100: ', 16491.99), ('2021-08-13', 'BOUGHT for', 19010.55, 19010.55, 1.0, 'HTP: ', 0, 'ema100: ', 16713.09, 'sl diff: ', 2297.459999999999, 'risk amount: ', 2159.9109999999996, 'current total fund: ', 215991.09999999995), ('2021-09-29', 'SOLD for', 19555.8, 19010.55, 'PNL: ', 2.87, 'REASON: Hit below Trailing Stop-loss', 'HTP: ', 21604.4, 'EMA100: ', 18320.23), ('2021-12-29', 'BUYING CHANCE!', 19316.65, 0, 0)]",False,False,False
ADANIENT,0,0,1649.15,0,"[('2019-10-23', 'BOUGHT for', 176.45, 176.45, 28.0, 'HTP: ', 0, 'ema100: ', 143.6, 'sl diff: ', 32.849999999999994, 'risk amount: ', 934.8994999999999, 'current total fund: ', 93489.94999999998), ('2019-11-13', 'SOLD for', 198.2, 176.45, 'PNL: ', 12.33, 'REASON: Hit below Trailing Stop-loss', 'HTP: ', 210.85, 'EMA100: ', 157.02), ('2019-12-13', 'BOUGHT for', 212.2, 212.2, 26.0, 'HTP: ', 0, 'ema100: ', 175.2, 'sl diff: ', 37.0, 'risk amount: ', 950.8099999999997, 'current total fund: ', 95080.99999999997), ('2019-12-16', 'BUYING CHANCE!', 210.5, 212.2, 26.0), ('2020-01-10', 'BUYING CHANCE!', 209.1, 212.2, 26.0), ('2020-02-26', 'SOLD for', 242.8, 212.2, 'PNL: ', 14.42, 'REASON: Hit below Trailing Stop-loss', 'HTP: ', 258.65, 'EMA100: ', 210.68), ('2020-08-19', 'BOUGHT for', 239.55, 239.54999999999998, 19.0, 'HTP: ', 0, 'ema100: ', 169.95, 'sl diff: ', 69.60000000000002, 'risk amount: ', 1318.0604999999996, 'current total fund: ', 131806.04999999996), ('2020-08-26', 'SOLD for', 285.55, 239.54999999999998, 'PNL: ', 19.2, 'REASON: Hit below Trailing Stop-loss', 'HTP: ', 307.55, 'EMA100: ', 178.76), ('2021-02-02', 'BOUGHT for', 564.2, 564.2, 12.0, 'HTP: ', 0, 'ema100: ', 413.51, 'sl diff: ', 150.69000000000005, 'risk amount: ', 1776.9434999999994, 'current total fund: ', 177694.34999999995), ('2021-03-16', 'SOLD for', 897.8, 564.2, 'PNL: ', 59.12796880538814, 'REASON: Selling by Stochastic indication', 'HTP: ', 918.4, 'EMA100: ', 586.81), ('2021-07-23', 'BUYING CHANCE!', 1401.65, 0, 0), ('2021-08-26', 'BOUGHT for', 1475.7, 1475.7000000000003, 13.0, 'HTP: ', 0, 'ema100: ', 1313.16, 'sl diff: ', 162.53999999999996, 'risk amount: ', 2159.9109999999996, 'current total fund: ', 215991.09999999995), ('2021-09-16', 'SOLD for', 1503.2, 1475.7000000000003, 'PNL: ', 1.86, 'REASON: Hit below Trailing Stop-loss', 'HTP: ', 1587.6, 'EMA100: ', 1369.36), ('2021-09-27', 'BUYING CHANCE!', 1531.25, 0, 0), ('2021-12-23', 'BOUGHT for', 1676.2, 1676.2, 18.0, 'HTP: ', 0, 'ema100: ', 1558.49, 'sl diff: ', 117.71000000000004, 'risk amount: ', 2095.0519999999997, 'current total fund: ', 209505.19999999995), ('2022-01-24', 'SOLD for', 1715.8, 1676.2, 'PNL: ', 2.36, 'REASON: Hit below Trailing Stop-loss', 'HTP: ', 1877.8, 'EMA100: ', 1636.79), ('2022-02-03', 'BUYING CHANCE!', 1751.85, 0, 0)]",False,False,False
ADANIGREEN,0,0,1271.6,0,"[('2019-07-26', 'BOUGHT for', 49.6, 49.6, 155.0, 'HTP: ', 0, 'ema100: ', 43.22, 'sl diff: ', 6.380000000000003, 'risk amount: ', 986.5344999999999, 'current total fund: ', 98653.44999999998), ('2019-08-07', 'BOUGHT for', 47.8, 48.4975, 400.0, 'HTP: ', 49.6, 'ema100: ', 43.77, 'sl diff: ', 4.029999999999994, 'risk amount: ', 986.5344999999999, 'current total fund: ', 98653.44999999998), ('2019-08-21', 'SOLD for', 44.1, 48.4975, 'PNL: ', -9.067477705036344, 'REASON: Selling by Stop-loss hit', 'HTP: ', 49.6, 'EMA100: ', 44.13), ('2019-09-09', 'BUYING CHANCE!', 45.5, 0, 0), ('2020-02-03', 'BOUGHT for', 196.15, 196.15, 16.0, 'HTP: ', 0, 'ema100: ', 134.76, 'sl diff: ', 61.390000000000015, 'risk amount: ', 978.9024999999997, 'current total fund: ', 97890.24999999997), ('2020-02-13', 'SOLD for', 199.95, 196.15, 'PNL: ', 1.94, 'REASON: Hit below Trailing Stop-loss', 'HTP: ', 213.35, 'EMA100: ', 145.15), ('2020-04-07', 'BOUGHT for', 158.95, 158.95, 98.0, 'HTP: ', 0, 'ema100: ', 148.59, 'sl diff: ', 10.359999999999985, 'risk amount: ', 1013.4004999999996, 'current total fund: ', 101340.04999999996), ('2020-06-25', 'SOLD for', 418.45, 158.95, 'PNL: ', 163.26, 'REASON: Hit below Trailing Stop-loss', 'HTP: ', 463.6, 'EMA100: ', 237.63), ('2020-07-07', 'BOUGHT for', 413.75, 413.75, 7.0, 'HTP: ', 0, 'ema100: ', 258.31, 'sl diff: ', 155.44, 'risk amount: ', 1066.1145, 'current total fund: ', 106611.45), ('2020-07-30', 'BOUGHT for', 341.45, 358.31999999999994, 30.0, 'HTP: ', 413.75, 'ema100: ', 284.37, 'sl diff: ', 57.079999999999984, 'risk amount: ', 1318.0604999999996, 'current total fund: ', 131806.04999999996), ('2020-09-22', 'SOLD for', 619.2, 358.31999999999994, 'PNL: ', 72.81, 'REASON: Hit below Trailing Stop-loss', 'HTP: ', 675.55, 'EMA100: ', 398.61), ('2020-12-28', 'BUYING CHANCE!', 1038.0, 0, 0), ('2021-01-20', 'BOUGHT for', 1020.15, 1020.15, 12.0, 'HTP: ', 0, 'ema100: ', 865.66, 'sl diff: ', 154.49, 'risk amount: ', 1776.9434999999994, 'current total fund: ', 177694.34999999995), ('2021-02-25', 'SOLD for', 1128.55, 1020.15, 'PNL: ', 10.63, 'REASON: Hit below Trailing Stop-loss', 'HTP: ', 1196.2, 'EMA100: ', 950.95), ('2021-04-07', 'BOUGHT for', 1196.2, 1196.2, 13.0, 'HTP: ', 0, 'ema100: ', 1047.18, 'sl diff: ', 149.01999999999998, 'risk amount: ', 1895.5104999999999, 'current total fund: ', 189551.05), ('2021-04-08', 'BUYING CHANCE!', 1165.5, 1196.2, 13.0), ('2021-04-20', 'SOLD for', 1043.95, 1196.2, 'PNL: ', -12.727804714930613, 'REASON: Selling by Stop-loss hit', 'HTP: ', 1196.2, 'EMA100: ', 1055.53), ('2021-05-07', 'BUYING CHANCE!', 1102.9, 0, 0), ('2022-01-05', 'BUYING CHANCE!', 1399.65, 0, 0)]",False,False,False
ADANITRANS,0,0,548.45,0,"[('2019-01-29', 'BUYING CHANCE!', 213.95, 0, 0), ('2019-01-30', 'BUYING CHANCE!', 213.9, 0, 0), ('2019-03-11', 'BOUGHT for', 210.15, 210.15, 179.0, 'HTP: ', 0, 'ema100: ', 204.45, 'sl diff: ', 5.700000000000017, 'risk amount: ', 1021.85, 'current total fund: ', 102185.0), ('2019-03-25', 'SOLD for', 215.75, 210.15, 'PNL: ', 2.66, 'REASON: Hit below Trailing Stop-loss', 'HTP: ', 235.2, 'EMA100: ', 207.11), ('2019-04-08', 'BOUGHT for', 218.9, 218.9, 105.0, 'HTP: ', 0, 'ema100: ', 209.2, 'sl diff: ', 9.700000000000017, 'risk amount: ', 1021.85, 'current total fund: ', 102185.0), ('2019-05-07', 'SOLD for', 211.1, 218.9, 'PNL: ', -3.5632708999543223, 'REASON: Selling by Stop-loss hit', 'HTP: ', 230.1, 'EMA100: ', 212.1), ('2019-05-20', 'BUYING CHANCE!', 224.0, 0, 0), ('2019-06-24', 'BOUGHT for', 224.85, 224.85, 141.0, 'HTP: ', 0, 'ema100: ', 217.72, 'sl diff: ', 7.1299999999999955, 'risk amount: ', 1002.8294999999998, 'current total fund: ', 100282.94999999998), ('2019-07-18', 'SOLD for', 214.0, 224.85, 'PNL: ', -4.825439181676671, 'REASON: Selling by Stop-loss hit', 'HTP: ', 236.2, 'EMA100: ', 219.6), ('2019-08-26', 'BOUGHT for', 229.1, 229.1, 83.0, 'HTP: ', 0, 'ema100: ', 217.22, 'sl diff: ', 11.879999999999995, 'risk amount: ', 986.5344999999999, 'current total fund: ', 98653.44999999998), ('2019-09-19', 'SOLD for', 221.0, 229.1, 'PNL: ', -3.5355739851593166, 'REASON: Selling by Stop-loss hit', 'HTP: ', 238.3, 'EMA100: ', 221.38), ('2019-09-24', 'BUYING CHANCE!', 232.5, 0, 0), ('2019-10-16', 'BOUGHT for', 234.5, 234.5, 87.0, 'HTP: ', 0, 'ema100: ', 223.43, 'sl diff: ', 11.069999999999993, 'risk amount: ', 962.9074999999997, 'current total fund: ', 96290.74999999997), ('2019-11-11', 'SOLD for', 279.4, 234.5, 'PNL: ', 19.15, 'REASON: Hit below Trailing Stop-loss', 'HTP: ', 298.55, 'EMA100: ', 237.03), ('2019-11-28', 'BOUGHT for', 279.85, 279.85, 26.0, 'HTP: ', 0, 'ema100: ', 244.22, 'sl diff: ', 35.630000000000024, 'risk amount: ', 934.8994999999999, 'current total fund: ', 93489.94999999998), ('2019-12-03', 'SOLD for', 314.3, 279.85, 'PNL: ', 12.31, 'REASON: Hit below Trailing Stop-loss', 'HTP: ', 332.15, 'EMA100: ', 248.57), ('2020-01-20', 'BUYING CHANCE!', 339.05, 0, 0), ('2020-01-24', 'BUYING CHANCE!', 333.3, 0, 0), ('2020-01-27', 'BUYING CHANCE!', 330.05, 0, 0), ('2020-02-03', 'BOUGHT for', 332.05, 332.05, 29.0, 'HTP: ', 0, 'ema100: ', 297.89, 'sl diff: ', 34.160000000000025, 'risk amount: ', 978.9024999999997, 'current total fund: ', 97890.24999999997), ('2020-02-18', 'SOLD for', 301.2, 332.05, 'PNL: ', -9.290769462430363, 'REASON: Selling by Stop-loss hit', 'HTP: ', 338.75, 'EMA100: ', 304.12), ('2020-09-02', 'BOUGHT for', 275.25, 275.25, 41.0, 'HTP: ', 0, 'ema100: ', 241.75, 'sl diff: ', 33.5, 'risk amount: ', 1365.7464999999997, 'current total fund: ', 136574.64999999997), ('2020-09-14', 'BUYING CHANCE!', 268.1, 275.25, 41.0), ('2020-09-21', 'SOLD for', 245.6, 275.25, 'PNL: ', -10.772025431425979, 'REASON: Selling by Stop-loss hit', 'HTP: ', 276.0, 'EMA100: ', 247.11), ('2021-01-20', 'BOUGHT for', 455.2, 455.2, 19.0, 'HTP: ', 0, 'ema100: ', 362.1, 'sl diff: ', 93.09999999999997, 'risk amount: ', 1776.9434999999994, 'current total fund: ', 177694.34999999995), ('2021-02-23', 'SOLD for', 734.5, 455.2, 'PNL: ', 61.36, 'REASON: Hit below Trailing Stop-loss', 'HTP: ', 786.2, 'EMA100: ', 450.45), ('2021-03-22', 'BOUGHT for', 792.15, 792.15, 8.0, 'HTP: ', 0, 'ema100: ', 548.45, 'sl diff: ', 243.69999999999993, 'risk amount: ', 1870.6434999999997, 'current total fund: ', 187064.34999999998), ('2021-04-08', 'SOLD for', 1002.4, 792.15, 'PNL: ', 26.54, 'REASON: Hit below Trailing Stop-loss', 'HTP: ', 1110.65, 'EMA100: ', 629.08)]",False,False,False
ALKEM,0,0,3548.17,0,"[('2019-10-22', 'BOUGHT for', 1974.75, 1974.75, 7.0, 'HTP: ', 0, 'ema100: ', 1832.93, 'sl diff: ', 141.81999999999994, 'risk amount: ', 934.8994999999999, 'current total fund: ', 93489.94999999998), ('2019-11-27', 'SOLD for', 2000.35, 1974.75, 'PNL: ', 1.3, 'REASON: Hit below Trailing Stop-loss', 'HTP: ', 2117.05, 'EMA100: ', 1911.52), ('2020-03-09', 'BUYING CHANCE!', 2566.9, 0, 0), ('2020-03-11', 'BOUGHT for', 2590.95, 2590.95, 3.0, 'HTP: ', 0, 'ema100: ', 2286.61, 'sl diff: ', 304.3399999999997, 'risk amount: ', 1013.4004999999996, 'current total fund: ', 101340.04999999996), ('2020-03-18', 'SOLD for', 2294.2, 2590.95, 'PNL: ', -11.453327929909879, 'REASON: Selling by Stop-loss hit', 'HTP: ', 2590.95, 'EMA100: ', 2294.39), ('2020-07-08', 'BUYING CHANCE!', 2427.7, 0, 0), ('2020-11-05', 'BUYING CHANCE!', 2750.6, 0, 0), ('2021-03-02', 'BUYING CHANCE!', 2914.65, 0, 0), ('2021-05-12', 'BUYING CHANCE!', 3003.6, 0, 0), ('2021-08-02', 'BOUGHT for', 3482.4, 3482.4, 5.0, 'HTP: ', 0, 'ema100: ', 3097.91, 'sl diff: ', 384.49000000000024, 'risk amount: ', 1972.3245000000002, 'current total fund: ', 197232.45), ('2021-09-13', 'BUYING CHANCE!', 3823.85, 3482.4, 5.0), ('2021-09-29', 'SOLD for', 3936.05, 3482.4, 'PNL: ', 13.026935446818287, 'REASON: Selling by Stochastic indication', 'HTP: ', 4003.1, 'EMA100: ', 3488.15), ('2022-01-04', 'BUYING CHANCE!', 3613.8, 0, 0), ('2022-02-02', 'BUYING CHANCE!', 3550.2, 0, 0)]",False,False,False
AMBUJACEM,0,0,385.3,0,"[('2019-04-02', 'BUYING CHANCE!', 229.95, 0, 0), ('2019-04-18', 'BUYING CHANCE!', 233.4, 0, 0), ('2019-05-20', 'BUYING CHANCE!', 224.2, 0, 0), ('2020-08-11', 'BUYING CHANCE!', 222.75, 0, 0), ('2020-09-15', 'BUYING CHANCE!', 217.45, 0, 0), ('2020-09-29', 'BUYING CHANCE!', 216.65, 0, 0), ('2020-11-11', 'BUYING CHANCE!', 259.7, 0, 0), ('2020-12-28', 'BUYING CHANCE!', 247.2, 0, 0), ('2021-02-02', 'BUYING CHANCE!', 276.25, 0, 0), ('2021-03-01', 'BOUGHT for', 277.9, 277.9, 82.0, 'HTP: ', 0, 'ema100: ', 255.0, 'sl diff: ', 22.899999999999977, 'risk amount: ', 1870.6434999999997, 'current total fund: ', 187064.34999999998), ('2021-04-12', 'SOLD for', 304.3, 277.9, 'PNL: ', 9.5, 'REASON: Hit below Trailing Stop-loss', 'HTP: ', 320.8, 'EMA100: ', 272.64), ('2021-04-28', 'BOUGHT for', 308.85, 308.85, 61.0, 'HTP: ', 0, 'ema100: ', 277.71, 'sl diff: ', 31.140000000000043, 'risk amount: ', 1895.5104999999999, 'current total fund: ', 189551.05), ('2021-07-06', 'BUYING CHANCE!', 351.85, 308.85, 61.0), ('2021-08-09', 'SOLD for', 405.45, 308.85, 'PNL: ', 31.277319086935393, 'REASON: Selling by Stochastic indication', 'HTP: ', 422.2, 'EMA100: ', 343.45), ('2021-10-18', 'BUYING CHANCE!', 410.6, 0, 0), ('2021-10-29', 'BUYING CHANCE!', 404.8, 0, 0), ('2022-01-10', 'BUYING CHANCE!', 399.35, 0, 0)]",True,False,False
APOLLOHOSP,0,0,4687.15,0,"[('2019-01-04', 'BUYING CHANCE!', 1293.0, 0, 0), ('2019-01-31', 'BUYING CHANCE!', 1325.65, 0, 0), ('2019-04-02', 'BUYING CHANCE!', 1255.3, 0, 0), ('2019-06-03', 'BUYING CHANCE!', 1357.3, 0, 0), ('2019-07-01', 'BUYING CHANCE!', 1370.7, 0, 0), ('2019-07-12', 'BUYING CHANCE!', 1363.25, 0, 0), ('2019-08-08', 'BUYING CHANCE!', 1334.4, 0, 0), ('2019-11-22', 'BOUGHT for', 1451.6, 1451.6, 21.0, 'HTP: ', 0, 'ema100: ', 1407.04, 'sl diff: ', 44.559999999999945, 'risk amount: ', 934.8994999999999, 'current total fund: ', 93489.94999999998), ('2019-12-03', 'SOLD for', 1404.4, 1451.6, 'PNL: ', -3.251584458528508, 'REASON: Selling by Stop-loss hit', 'HTP: ', 1463.95, 'EMA100: ', 1411.23), ('2019-12-30', 'BUYING CHANCE!', 1418.9, 0, 0), ('2020-07-27', 'BUYING CHANCE!', 1508.35, 0, 0), ('2020-09-03', 'BOUGHT for', 1698.95, 1698.95, 8.0, 'HTP: ', 0, 'ema100: ', 1528.49, 'sl diff: ', 170.46000000000004, 'risk amount: ', 1365.7464999999997, 'current total fund: ', 136574.64999999997), ('2020-09-16', 'BUYING CHANCE!', 1688.9, 1698.95, 8.0), ('2020-10-16', 'SOLD for', 2210.55, 1698.95, 'PNL: ', 30.112716677948153, 'REASON: Selling by Stochastic indication', 'HTP: ', 2277.1, 'EMA100: ', 1733.18), ('2020-11-11', 'BUYING CHANCE!', 2195.35, 0, 0), ('2020-12-23', 'BUYING CHANCE!', 2433.8, 0, 0), ('2021-03-16', 'BOUGHT for', 3073.25, 3073.25, 4.0, 'HTP: ', 0, 'ema100: ', 2575.18, 'sl diff: ', 498.07000000000016, 'risk amount: ', 1870.6434999999997, 'current total fund: ', 187064.34999999998), ('2021-04-01', 'BUYING CHANCE!', 2894.05, 3073.25, 4.0), ('2021-05-14', 'SOLD for', 3140.95, 3073.25, 'PNL: ', 2.2, 'REASON: Hit below Trailing Stop-loss', 'HTP: ', 3347.15, 'EMA100: ', 2865.14), ('2021-05-21', 'BUYING CHANCE!', 3247.75, 0, 0), ('2021-06-01', 'BUYING CHANCE!', 3239.8, 0, 0), ('2021-06-25', 'BOUGHT for', 3439.0, 3439.0, 5.0, 'HTP: ', 0, 'ema100: ', 3046.58, 'sl diff: ', 392.4200000000001, 'risk amount: ', 1972.3245000000002, 'current total fund: ', 197232.45), ('2021-07-30', 'SOLD for', 4035.0, 3439.0, 'PNL: ', 17.330619366094794, 'REASON: Selling by Stochastic indication', 'HTP: ', 4100.35, 'EMA100: ', 3344.58), ('2021-09-17', 'BOUGHT for', 4908.25, 4908.25, 2.0, 'HTP: ', 0, 'ema100: ', 3974.05, 'sl diff: ', 934.1999999999998, 'risk amount: ', 2159.9109999999996, 'current total fund: ', 215991.09999999995), ('2021-10-20', 'SOLD for', 4146.75, 4908.25, 'PNL: ', -15.514694646768197, 'REASON: Selling by Stop-loss hit', 'HTP: ', 5084.2, 'EMA100: ', 4156.64), ('2021-11-03', 'BUYING CHANCE!', 4438.6, 0, 0), ('2021-12-30', 'BUYING CHANCE!', 4970.75, 0, 0)]",True,False,False
AUROPHARMA,0,0,950.9,0,"[('2019-01-08', 'BUYING CHANCE!', 746.55, 0, 0), ('2019-02-11', 'BOUGHT for', 763.15, 763.15, 65.0, 'HTP: ', 0, 'ema100: ', 746.28, 'sl diff: ', 16.870000000000005, 'risk amount: ', 1092.0919999999999, 'current total fund: ', 109209.19999999998), ('2019-02-15', 'SOLD for', 722.6, 763.15, 'PNL: ', -5.313503243136992, 'REASON: Selling by Stop-loss hit', 'HTP: ', 767.9, 'EMA100: ', 746.33), ('2019-03-11', 'BUYING CHANCE!', 750.75, 0, 0), ('2019-04-25', 'BOUGHT for', 795.55, 795.55, 29.0, 'HTP: ', 0, 'ema100: ', 758.98, 'sl diff: ', 36.569999999999936, 'risk amount: ', 1064.797, 'current total fund: ', 106479.7), ('2019-05-09', 'SOLD for', 756.65, 795.55, 'PNL: ', -4.889698950411662, 'REASON: Selling by Stop-loss hit', 'HTP: ', 831.15, 'EMA100: ', 763.04), ('2020-05-26', 'BOUGHT for', 714.95, 714.9500000000002, 6.0, 'HTP: ', 0, 'ema100: ', 545.96, 'sl diff: ', 168.99, 'risk amount: ', 1018.579, 'current total fund: ', 101857.9), ('2020-07-09', 'BOUGHT for', 812.9, 770.9214285714287, 14.0, 'HTP: ', 812.9, 'ema100: ', 653.83, 'sl diff: ', 159.06999999999994, 'risk amount: ', 1318.0604999999996, 'current total fund: ', 131806.04999999996), ('2020-07-27', 'SOLD for', 779.25, 770.9214285714287, 'PNL: ', 1.08, 'REASON: Hit below Trailing Stop-loss', 'HTP: ', 840.05, 'EMA100: ', 688.69), ('2020-07-30', 'BOUGHT for', 820.75, 820.75, 11.0, 'HTP: ', 0, 'ema100: ', 695.64, 'sl diff: ', 125.11000000000001, 'risk amount: ', 1318.0604999999996, 'current total fund: ', 131806.04999999996), ('2020-08-13', 'SOLD for', 881.3, 820.75, 'PNL: ', 7.38, 'REASON: Hit below Trailing Stop-loss', 'HTP: ', 948.85, 'EMA100: ', 732.75), ('2020-09-18', 'BUYING CHANCE!', 828.1, 0, 0), ('2020-10-01', 'BUYING CHANCE!', 818.65, 0, 0), ('2020-11-11', 'BUYING CHANCE!', 810.8, 0, 0), ('2020-12-22', 'BUYING CHANCE!', 857.05, 0, 0), ('2021-01-25', 'BOUGHT for', 998.6, 998.6000000000001, 13.0, 'HTP: ', 0, 'ema100: ', 864.81, 'sl diff: ', 133.79000000000008, 'risk amount: ', 1776.9434999999994, 'current total fund: ', 177694.34999999995), ('2021-02-08', 'BUYING CHANCE!', 956.95, 998.6000000000001, 13.0), ('2021-02-16', 'BUYING CHANCE!', 935.85, 998.6000000000001, 13.0), ('2021-02-17', 'BUYING CHANCE!', 922.15, 998.6000000000001, 13.0), ('2021-02-22', 'SOLD for', 856.4, 998.6000000000001, 'PNL: ', -14.239935910274399, 'REASON: Selling by Stop-loss hit', 'HTP: ', 998.6, 'EMA100: ', 884.47), ('2021-03-31', 'BUYING CHANCE!', 881.3, 0, 0), ('2021-06-14', 'BUYING CHANCE!', 994.3, 0, 0), ('2021-06-29', 'BUYING CHANCE!', 967.2, 0, 0), ('2021-07-22', 'BUYING CHANCE!', 972.1, 0, 0)]",True,False,False
DMART,0,0,4401.41,0,"[('2019-01-04', 'BUYING CHANCE!', 1577.75, 0, 0), ('2019-01-09', 'BUYING CHANCE!', 1595.75, 0, 0), ('2019-09-04', 'BUYING CHANCE!', 1524.85, 0, 0), ('2019-12-04', 'BOUGHT for', 1840.95, 1840.95, 8.0, 'HTP: ', 0, 'ema100: ', 1726.12, 'sl diff: ', 114.83000000000015, 'risk amount: ', 950.8099999999997, 'current total fund: ', 95080.99999999997), ('2019-12-11', 'SOLD for', 1724.0, 1840.95, 'PNL: ', -6.352698335098728, 'REASON: Selling by Stop-loss hit', 'HTP: ', 1840.95, 'EMA100: ', 1730.52), ('2019-12-17', 'BUYING CHANCE!', 1883.95, 0, 0), ('2020-01-10', 'BUYING CHANCE!', 1876.95, 0, 0), ('2020-06-02', 'BUYING CHANCE!', 2381.7, 0, 0), ('2020-07-08', 'BOUGHT for', 2319.55, 2319.55, 7.0, 'HTP: ', 0, 'ema100: ', 2162.02, 'sl diff: ', 157.5300000000002, 'risk amount: ', 1066.1145, 'current total fund: ', 106611.45), ('2020-07-14', 'SOLD for', 2154.85, 2319.55, 'PNL: ', -7.100515186135254, 'REASON: Selling by Stop-loss hit', 'HTP: ', 2322.7, 'EMA100: ', 2169.28), ('2020-08-13', 'BUYING CHANCE!', 2207.1, 0, 0), ('2020-09-30', 'BUYING CHANCE!', 2203.15, 0, 0), ('2020-11-04', 'BUYING CHANCE!', 2290.8, 0, 0), ('2021-02-02', 'BUYING CHANCE!', 2869.1, 0, 0), ('2021-03-03', 'BOUGHT for', 3167.7, 3167.7, 4.0, 'HTP: ', 0, 'ema100: ', 2705.28, 'sl diff: ', 462.4199999999996, 'risk amount: ', 1870.6434999999997, 'current total fund: ', 187064.34999999998), ('2021-04-09', 'BUYING CHANCE!', 2947.75, 3167.7, 4.0), ('2021-04-20', 'SOLD for', 2778.25, 3167.7, 'PNL: ', -12.294409192789717, 'REASON: Selling by Stop-loss hit', 'HTP: ', 3286.1, 'EMA100: ', 2811.97), ('2021-04-28', 'BUYING CHANCE!', 2936.8, 0, 0), ('2021-11-09', 'BUYING CHANCE!', 4757.15, 0, 0), ('2021-12-03', 'BOUGHT for', 4799.05, 4799.05, 4.0, 'HTP: ', 0, 'ema100: ', 4271.62, 'sl diff: ', 527.4300000000003, 'risk amount: ', 2155.236, 'current total fund: ', 215523.59999999998), ('2021-12-09', 'BUYING CHANCE!', 4821.2, 4799.05, 4.0), ('2021-12-29', 'BUYING CHANCE!', 4683.95, 4799.05, 4.0), ('2022-01-12', 'SOLD for', 4276.1, 4799.05, 'PNL: ', -10.896948354361797, 'REASON: Selling by Stop-loss hit', 'HTP: ', 4821.2, 'EMA100: ', 4441.74)]",True,False,False
BAJAJHLDNG,0,0,4957.97,0,"[('2019-01-04', 'BUYING CHANCE!', 2951.65, 0, 0), ('2019-02-06', 'BUYING CHANCE!', 2994.25, 0, 0), ('2019-05-17', 'BOUGHT for', 3281.7, 3281.7, 8.0, 'HTP: ', 0, 'ema100: ', 3152.23, 'sl diff: ', 129.4699999999998, 'risk amount: ', 1064.797, 'current total fund: ', 106479.7), ('2019-06-17', 'SOLD for', 3536.25, 3281.7, 'PNL: ', 7.76, 'REASON: Hit below Trailing Stop-loss', 'HTP: ', 3761.8, 'EMA100: ', 3275.76), ('2019-06-21', 'BOUGHT for', 3633.4, 3633.4, 3.0, 'HTP: ', 0, 'ema100: ', 3300.44, 'sl diff: ', 332.96000000000004, 'risk amount: ', 1002.8294999999998, 'current total fund: ', 100282.94999999998), ('2019-07-11', 'BUYING CHANCE!', 3546.95, 3633.4, 3.0), ('2019-07-23', 'SOLD for', 3367.35, 3633.4, 'PNL: ', -7.322342709308091, 'REASON: Selling by Stop-loss hit', 'HTP: ', 3729.2, 'EMA100: ', 3396.17), ('2019-07-30', 'BUYING CHANCE!', 3562.9, 0, 0), ('2019-09-23', 'BUYING CHANCE!', 3537.55, 0, 0), ('2020-02-06', 'BUYING CHANCE!', 3783.95, 0, 0), ('2020-12-22', 'BOUGHT for', 3015.9, 3015.9, 5.0, 'HTP: ', 0, 'ema100: ', 2715.77, 'sl diff: ', 300.1300000000001, 'risk amount: ', 1634.7189999999994, 'current total fund: ', 163471.89999999994), ('2021-03-01', 'SOLD for', 3594.1, 3015.9, 'PNL: ', 19.17172320037136, 'REASON: Selling by Stochastic indication', 'HTP: ', 3718.2, 'EMA100: ', 3126.19), ('2021-04-09', 'BUYING CHANCE!', 3409.45, 0, 0), ('2021-06-16', 'BUYING CHANCE!', 3544.45, 0, 0), ('2021-10-20', 'BUYING CHANCE!', 4783.8, 0, 0), ('2021-10-29', 'BUYING CHANCE!', 4829.7, 0, 0), ('2021-11-03', 'BOUGHT for', 4925.8, 4925.8, 3.0, 'HTP: ', 0, 'ema100: ', 4304.96, 'sl diff: ', 620.8400000000001, 'risk amount: ', 2155.236, 'current total fund: ', 215523.59999999998), ('2021-12-16', 'SOLD for', 5137.5, 4925.8, 'PNL: ', 4.3, 'REASON: Hit below Trailing Stop-loss', 'HTP: ', 5578.15, 'EMA100: ', 4686.55), ('2021-12-31', 'BUYING CHANCE!', 5432.05, 0, 0), ('2022-02-03', 'BUYING CHANCE!', 5234.1, 0, 0)]",False,False,False
BANDHANBNK,0,0,348.26,0,"[('2019-05-17', 'BOUGHT for', 561.0, 561.0, 29.0, 'HTP: ', 0, 'ema100: ', 524.75, 'sl diff: ', 36.25, 'risk amount: ', 1064.797, 'current total fund: ', 106479.7), ('2019-05-21', 'BUYING CHANCE!', 587.6, 561.0, 29.0), ('2019-06-06', 'SOLD for', 582.1, 561.0, 'PNL: ', 3.76, 'REASON: Hit below Trailing Stop-loss', 'HTP: ', 615.95, 'EMA100: ', 541.02), ('2019-07-02', 'BUYING CHANCE!', 559.35, 0, 0), ('2019-11-01', 'BUYING CHANCE!', 599.0, 0, 0), ('2019-11-27', 'BUYING CHANCE!', 552.85, 0, 0), ('2020-12-31', 'BUYING CHANCE!', 402.25, 0, 0)]",True,False,False
BERGEPAINT,0,0,807.67,0,"[('2019-01-04', 'BUYING CHANCE!', 323.1, 0, 0), ('2019-01-14', 'BUYING CHANCE!', 324.3, 0, 0), ('2019-02-01', 'BUYING CHANCE!', 325.4, 0, 0), ('2019-03-26', 'BOUGHT for', 321.7, 321.7, 79.0, 'HTP: ', 0, 'ema100: ', 308.76, 'sl diff: ', 12.939999999999998, 'risk amount: ', 1021.85, 'current total fund: ', 102185.0), ('2019-05-03', 'SOLD for', 311.9, 321.7, 'PNL: ', -3.046316443891828, 'REASON: Selling by Stop-loss hit', 'HTP: ', 334.6, 'EMA100: ', 314.8), ('2019-06-03', 'BUYING CHANCE!', 327.55, 0, 0), ('2019-07-17', 'BUYING CHANCE!', 316.2, 0, 0), ('2019-09-09', 'BUYING CHANCE!', 367.95, 0, 0), ('2019-11-27', 'BOUGHT for', 492.5, 492.5, 13.0, 'HTP: ', 0, 'ema100: ', 421.34, 'sl diff: ', 71.16000000000003, 'risk amount: ', 934.8994999999999, 'current total fund: ', 93489.94999999998), ('2020-01-10', 'BUYING CHANCE!', 512.35, 492.5, 13.0), ('2020-02-01', 'SOLD for', 548.5, 492.5, 'PNL: ', 11.370558375634518, 'REASON: Selling by Stochastic indication', 'HTP: ', 572.95, 'EMA100: ', 485.23), ('2020-04-15', 'BOUGHT for', 512.65, 512.65, 71.0, 'HTP: ', 0, 'ema100: ', 498.35, 'sl diff: ', 14.299999999999955, 'risk amount: ', 1018.579, 'current total fund: ', 101857.9), ('2020-05-04', 'SOLD for', 481.1, 512.65, 'PNL: ', -6.154296303520912, 'REASON: Selling by Stop-loss hit', 'HTP: ', 531.2, 'EMA100: ', 502.4), ('2020-06-25', 'BOUGHT for', 520.2, 520.2, 41.0, 'HTP: ', 0, 'ema100: ', 493.89, 'sl diff: ', 26.31000000000006, 'risk amount: ', 1066.1145, 'current total fund: ', 106611.45), ('2020-06-30', 'SOLD for', 493.9, 520.2, 'PNL: ', -5.055747789311816, 'REASON: Selling by Stop-loss hit', 'HTP: ', 520.2, 'EMA100: ', 494.37), ('2020-07-16', 'BUYING CHANCE!', 507.4, 0, 0), ('2020-11-27', 'BOUGHT for', 647.75, 647.75, 28.0, 'HTP: ', 0, 'ema100: ', 588.7, 'sl diff: ', 59.049999999999955, 'risk amount: ', 1634.7189999999994, 'current total fund: ', 163471.89999999994), ('2021-01-15', 'SOLD for', 777.5, 647.75, 'PNL: ', 20.03087610961019, 'REASON: Selling by Stochastic indication', 'HTP: ', 810.8, 'EMA100: ', 661.43), ('2021-03-22', 'BUYING CHANCE!', 732.05, 0, 0), ('2021-05-11', 'BUYING CHANCE!', 735.95, 0, 0), ('2021-06-14', 'BOUGHT for', 809.65, 809.65, 30.0, 'HTP: ', 0, 'ema100: ', 745.88, 'sl diff: ', 63.76999999999998, 'risk amount: ', 1921.4275, 'current total fund: ', 192142.75), ('2021-08-23', 'SOLD for', 795.45, 809.65, 'PNL: ', -1.7538442536898575, 'REASON: Selling by Stop-loss hit', 'HTP: ', 864.95, 'EMA100: ', 796.21), ('2021-08-31', 'BUYING CHANCE!', 820.8, 0, 0), ('2021-09-24', 'BUYING CHANCE!', 840.1, 0, 0), ('2021-09-27', 'BUYING CHANCE!', 830.7, 0, 0), ('2021-10-06', 'BUYING CHANCE!', 821.1, 0, 0)]",True,False,False
BIOCON,0,0,410.46,0,"[('2019-01-14', 'BUYING CHANCE!', 645.5, 0, 0), ('2019-02-11', 'BUYING CHANCE!', 644.2, 0, 0), ('2020-06-19', 'BUYING CHANCE!', 381.25, 0, 0), ('2020-09-01', 'BOUGHT for', 405.35, 405.35, 52.0, 'HTP: ', 0, 'ema100: ', 378.87, 'sl diff: ', 26.480000000000018, 'risk amount: ', 1365.7464999999997, 'current total fund: ', 136574.64999999997), ('2020-09-21', 'SOLD for', 429.35, 405.35, 'PNL: ', 5.92, 'REASON: Hit below Trailing Stop-loss', 'HTP: ', 454.0, 'EMA100: ', 391.55), ('2020-11-12', 'BUYING CHANCE!', 422.7, 0, 0)]",True,False,False
BOSCHLTD,0,0,16284.77,0,"[('2019-01-04', 'BUYING CHANCE!', 19438.75, 0, 0), ('2021-01-14', 'BUYING CHANCE!', 14790.65, 0, 0), ('2021-03-03', 'BUYING CHANCE!', 15246.55, 0, 0), ('2021-03-15', 'BUYING CHANCE!', 14989.8, 0, 0), ('2021-04-08', 'BUYING CHANCE!', 14710.2, 0, 0), ('2021-05-11', 'BUYING CHANCE!', 14204.6, 0, 0), ('2021-07-05', 'BUYING CHANCE!', 15716.35, 0, 0), ('2021-07-06', 'BUYING CHANCE!', 15378.65, 0, 0), ('2021-08-03', 'BUYING CHANCE!', 15238.75, 0, 0), ('2021-09-24', 'BUYING CHANCE!', 15255.3, 0, 0), ('2021-11-02', 'BOUGHT for', 17745.75, 17745.75, 1.0, 'HTP: ', 0, 'ema100: ', 15592.92, 'sl diff: ', 2152.83, 'risk amount: ', 2258.5375, 'current total fund: ', 225853.75), ('2021-11-26', 'SOLD for', 16177.4, 17745.75, 'PNL: ', -8.837890762576956, 'REASON: Selling by Stop-loss hit', 'HTP: ', 18892.25, 'EMA100: ', 16204.07), ('2021-12-10', 'BUYING CHANCE!', 16800.85, 0, 0), ('2021-12-23', 'BOUGHT for', 16857.6, 16857.6, 4.0, 'HTP: ', 0, 'ema100: ', 16284.77, 'sl diff: ', 572.8299999999981, 'risk amount: ', 2095.0519999999997, 'current total fund: ', 209505.19999999995), ('2022-01-21', 'SOLD for', 16470.75, 16857.6, 'PNL: ', -2.294810649202725, 'REASON: Selling by Stop-loss hit', 'HTP: ', 17692.3, 'EMA100: ', 16566.65)]",True,False,False
CADILAHC,0,0,556.97,0,"[('2020-04-16', 'BOUGHT for', 343.55, 343.55, 14.0, 'HTP: ', 0, 'ema100: ', 269.77, 'sl diff: ', 73.78000000000003, 'risk amount: ', 1018.579, 'current total fund: ', 101857.9), ('2020-05-14', 'BOUGHT for', 336.85, 339.53, 35.0, 'HTP: ', 344.2, 'ema100: ', 288.56, 'sl diff: ', 48.29000000000002, 'risk amount: ', 1018.579, 'current total fund: ', 101857.9), ('2020-05-15', 'BOUGHT for', 332.2, 336.5483050847457, 59.0, 'HTP: ', 344.2, 'ema100: ', 289.42, 'sl diff: ', 42.77999999999997, 'risk amount: ', 1018.579, 'current total fund: ', 101857.9), ('2020-06-25', 'BOUGHT for', 363.35, 344.29819277108436, 83.0, 'HTP: ', 374.3, 'ema100: ', 318.0, 'sl diff: ', 45.35000000000002, 'risk amount: ', 1066.1145, 'current total fund: ', 106611.45), ('2020-06-30', 'SOLD for', 353.1, 344.29819277108436, 'PNL: ', 2.56, 'REASON: Hit below Trailing Stop-loss', 'HTP: ', 374.3, 'EMA100: ', 320.51), ('2020-07-06', 'BOUGHT for', 362.9, 362.9, 27.0, 'HTP: ', 0, 'ema100: ', 323.58, 'sl diff: ', 39.31999999999999, 'risk amount: ', 1066.1145, 'current total fund: ', 106611.45), ('2020-07-17', 'BUYING CHANCE!', 377.4, 362.9, 27.0), ('2020-07-31', 'BOUGHT for', 388.4, 375.1596153846154, 52.0, 'HTP: ', 388.4, 'ema100: ', 336.32, 'sl diff: ', 52.079999999999984, 'risk amount: ', 1318.0604999999996, 'current total fund: ', 131806.04999999996), ('2020-08-31', 'SOLD for', 371.25, 375.1596153846154, 'PNL: ', -1.04, 'REASON: Hit below Trailing Stop-loss', 'HTP: ', 405.15, 'EMA100: ', 355.6), ('2020-09-03', 'BOUGHT for', 387.05, 387.05, 46.0, 'HTP: ', 0, 'ema100: ', 357.16, 'sl diff: ', 29.889999999999986, 'risk amount: ', 1365.7464999999997, 'current total fund: ', 136574.64999999997), ('2020-09-16', 'BUYING CHANCE!', 388.4, 387.05, 46.0), ('2020-09-28', 'BOUGHT for', 390.6, 388.93367346938777, 98.0, 'HTP: ', 409.7, 'ema100: ', 364.26, 'sl diff: ', 26.340000000000032, 'risk amount: ', 1365.7464999999997, 'current total fund: ', 136574.64999999997), ('2020-10-15', 'SOLD for', 415.9, 388.93367346938777, 'PNL: ', 6.93, 'REASON: Hit below Trailing Stop-loss', 'HTP: ', 441.5, 'EMA100: ', 375.9), ('2020-11-04', 'BOUGHT for', 439.3, 439.3, 28.0, 'HTP: ', 0, 'ema100: ', 387.63, 'sl diff: ', 51.670000000000016, 'risk amount: ', 1471.3134999999997, 'current total fund: ', 147131.34999999998), ('2020-11-17', 'BUYING CHANCE!', 429.85, 439.3, 28.0), ('2021-01-15', 'SOLD for', 487.8, 439.3, 'PNL: ', 11.040291372638288, 'REASON: Selling by Stochastic indication', 'HTP: ', 503.45, 'EMA100: ', 437.41), ('2021-02-04', 'BUYING CHANCE!', 479.2, 0, 0), ('2021-04-06', 'BUYING CHANCE!', 456.5, 0, 0), ('2021-06-03', 'BUYING CHANCE!', 634.4, 0, 0), ('2021-06-29', 'BUYING CHANCE!', 640.65, 0, 0)]",True,False,False
COLPAL,0,0,1677.84,0,"[('2019-01-04', 'BUYING CHANCE!', 1310.1, 0, 0), ('2019-01-14', 'BUYING CHANCE!', 1305.75, 0, 0), ('2019-02-05', 'BUYING CHANCE!', 1291.1, 0, 0), ('2019-03-06', 'BUYING CHANCE!', 1275.75, 0, 0), ('2019-08-30', 'BUYING CHANCE!', 1274.55, 0, 0), ('2020-01-13', 'BUYING CHANCE!', 1477.55, 0, 0), ('2020-06-29', 'BOUGHT for', 1389.1, 1389.1, 33.0, 'HTP: ', 0, 'ema100: ', 1357.22, 'sl diff: ', 31.87999999999988, 'risk amount: ', 1066.1145, 'current total fund: ', 106611.45), ('2020-07-29', 'BOUGHT for', 1447.75, 1409.7999999999997, 51.0, 'HTP: ', 1447.75, 'ema100: ', 1373.12, 'sl diff: ', 74.63000000000011, 'risk amount: ', 1318.0604999999996, 'current total fund: ', 131806.04999999996), ('2020-08-28', 'SOLD for', 1390.2, 1409.7999999999997, 'PNL: ', -1.3902681231380114, 'REASON: Selling by Stop-loss hit', 'HTP: ', 1456.95, 'EMA100: ', 1391.69), ('2020-09-25', 'BUYING CHANCE!', 1415.7, 0, 0), ('2021-01-29', 'BOUGHT for', 1603.3, 1603.2999999999997, 21.0, 'HTP: ', 0, 'ema100: ', 1518.9, 'sl diff: ', 84.39999999999986, 'risk amount: ', 1776.9434999999994, 'current total fund: ', 177694.34999999995), ('2021-03-01', 'BUYING CHANCE!', 1583.1, 1603.2999999999997, 21.0), ('2021-03-24', 'SOLD for', 1553.85, 1603.2999999999997, 'PNL: ', -3.084263706106145, 'REASON: Selling by Stop-loss hit', 'HTP: ', 1647.55, 'EMA100: ', 1557.84), ('2021-05-19', 'BUYING CHANCE!', 1605.9, 0, 0), ('2021-07-02', 'BUYING CHANCE!', 1689.55, 0, 0), ('2021-08-30', 'BUYING CHANCE!', 1699.15, 0, 0), ('2021-10-11', 'BUYING CHANCE!', 1697.1, 0, 0)]",True,False,False
DLF,106.0,404.8,386.06,404.8,"[('2019-11-25', 'BOUGHT for', 220.35, 220.35, 23.0, 'HTP: ', 0, 'ema100: ', 179.26, 'sl diff: ', 41.09, 'risk amount: ', 934.8994999999999, 'current total fund: ', 93489.94999999998), ('2020-01-30', 'SOLD for', 254.65, 220.35, 'PNL: ', 15.566144769684596, 'REASON: Selling by Stochastic indication', 'HTP: ', 262.85, 'EMA100: ', 215.82), ('2020-02-05', 'BUYING CHANCE!', 253.45, 0, 0), ('2020-12-03', 'BOUGHT for', 203.0, 203.0, 45.0, 'HTP: ', 0, 'ema100: ', 166.65, 'sl diff: ', 36.349999999999994, 'risk amount: ', 1634.7189999999994, 'current total fund: ', 163471.89999999994), ('2020-12-21', 'SOLD for', 214.8, 203.0, 'PNL: ', 5.81, 'REASON: Hit below Trailing Stop-loss', 'HTP: ', 235.4, 'EMA100: ', 177.75), ('2021-05-20', 'BUYING CHANCE!', 267.35, 0, 0), ('2021-07-07', 'BUYING CHANCE!', 294.9, 0, 0), ('2021-09-01', 'BUYING CHANCE!', 332.85, 0, 0), ('2021-11-03', 'BOUGHT for', 429.65, 429.65, 30.0, 'HTP: ', 0, 'ema100: ', 357.94, 'sl diff: ', 71.70999999999998, 'risk amount: ', 2155.236, 'current total fund: ', 215523.59999999998), ('2021-12-08', 'BOUGHT for', 397.7, 405.42983870967737, 124.0, 'HTP: ', 442.2, 'ema100: ', 374.73, 'sl diff: ', 22.96999999999997, 'risk amount: ', 2155.236, 'current total fund: ', 215523.59999999998), ('2021-12-20', 'SOLD for', 366.7, 405.42983870967737, 'PNL: ', -9.552784480032136, 'REASON: Selling by Stop-loss hit', 'HTP: ', 442.2, 'EMA100: ', 378.79), ('2022-01-03', 'BUYING CHANCE!', 394.75, 0, 0), ('2022-02-01', 'BOUGHT for', 404.8, 404.8, 106.0, 'HTP: ', 0, 'ema100: ', 386.06, 'sl diff: ', 18.74000000000001, 'risk amount: ', 1979.2064999999993, 'current total fund: ', 197920.64999999994)]",False,False,False
DABUR,0,0,597.77,0,"[('2019-01-04', 'BUYING CHANCE!', 419.25, 0, 0), ('2019-01-14', 'BUYING CHANCE!', 433.5, 0, 0), ('2019-07-25', 'BOUGHT for', 422.85, 422.85, 62.0, 'HTP: ', 0, 'ema100: ', 406.89, 'sl diff: ', 15.960000000000036, 'risk amount: ', 986.5344999999999, 'current total fund: ', 98653.44999999998), ('2019-09-26', 'BUYING CHANCE!', 447.2, 422.85, 62.0), ('2019-10-03', 'SOLD for', 433.65, 422.85, 'PNL: ', 2.55, 'REASON: Hit below Trailing Stop-loss', 'HTP: ', 460.0, 'EMA100: ', 426.92), ('2019-10-11', 'BUYING CHANCE!', 445.6, 0, 0), ('2019-11-22', 'BOUGHT for', 463.8, 463.80000000000007, 47.0, 'HTP: ', 0, 'ema100: ', 444.07, 'sl diff: ', 19.730000000000018, 'risk amount: ', 934.8994999999999, 'current total fund: ', 93489.94999999998), ('2019-12-06', 'BOUGHT for', 463.8, 463.8, 105.0, 'HTP: ', 469.6, 'ema100: ', 447.28, 'sl diff: ', 16.52000000000004, 'risk amount: ', 950.8099999999997, 'current total fund: ', 95080.99999999997), ('2019-12-16', 'BUYING CHANCE!', 459.5, 463.8, 105.0), ('2020-01-06', 'SOLD for', 448.0, 463.8, 'PNL: ', -3.406640793445453, 'REASON: Selling by Stop-loss hit', 'HTP: ', 469.6, 'EMA100: ', 451.02), ('2020-01-09', 'BOUGHT for', 460.7, 460.7, 102.0, 'HTP: ', 0, 'ema100: ', 451.36, 'sl diff: ', 9.339999999999975, 'risk amount: ', 950.8099999999997, 'current total fund: ', 95080.99999999997), ('2020-02-27', 'BOUGHT for', 506.35, 471.8588888888889, 135.0, 'HTP: ', 519.9, 'ema100: ', 475.36, 'sl diff: ', 30.99000000000001, 'risk amount: ', 1013.4004999999996, 'current total fund: ', 101340.04999999996), ('2020-03-09', 'SOLD for', 483.15, 471.8588888888889, 'PNL: ', 2.39, 'REASON: Hit below Trailing Stop-loss', 'HTP: ', 519.9, 'EMA100: ', 478.9), ('2020-04-16', 'BUYING CHANCE!', 503.5, 0, 0), ('2020-07-16', 'BOUGHT for', 487.65, 487.65, 56.0, 'HTP: ', 0, 'ema100: ', 463.98, 'sl diff: ', 23.66999999999996, 'risk amount: ', 1318.0604999999996, 'current total fund: ', 131806.04999999996), ('2020-07-27', 'SOLD for', 466.4, 487.65, 'PNL: ', -4.357633548651697, 'REASON: Selling by Stop-loss hit', 'HTP: ', 500.95, 'EMA100: ', 466.43), ('2020-07-30', 'BUYING CHANCE!', 491.9, 0, 0), ('2020-09-03', 'BOUGHT for', 494.7, 494.7, 88.0, 'HTP: ', 0, 'ema100: ', 479.11, 'sl diff: ', 15.589999999999975, 'risk amount: ', 1365.7464999999997, 'current total fund: ', 136574.64999999997), ('2020-09-28', 'BUYING CHANCE!', 503.25, 494.7, 88.0), ('2020-10-27', 'BOUGHT for', 523.2, 505.2857142857143, 140.0, 'HTP: ', 528.05, 'ema100: ', 494.9, 'sl diff: ', 28.300000000000068, 'risk amount: ', 1471.3134999999997, 'current total fund: ', 147131.34999999998), ('2020-11-05', 'BUYING CHANCE!', 519.55, 505.2857142857143, 140.0), ('2020-11-14', 'BUYING CHANCE!', 517.15, 505.2857142857143, 140.0), ('2020-11-27', 'SOLD for', 499.8, 505.2857142857143, 'PNL: ', -1.0856658184902421, 'REASON: Selling by Stop-loss hit', 'HTP: ', 528.05, 'EMA100: ', 501.24), ('2021-02-11', 'BUYING CHANCE!', 535.8, 0, 0), ('2021-03-04', 'BUYING CHANCE!', 524.2, 0, 0), ('2021-05-19', 'BUYING CHANCE!', 538.05, 0, 0), ('2021-08-17', 'BOUGHT for', 596.6, 596.6, 69.0, 'HTP: ', 0, 'ema100: ', 565.31, 'sl diff: ', 31.290000000000077, 'risk amount: ', 2159.9109999999996, 'current total fund: ', 215991.09999999995), ('2021-08-18', 'BOUGHT for', 597.4, 597.0, 138.0, 'HTP: ', 597.4, 'ema100: ', 565.95, 'sl diff: ', 31.449999999999932, 'risk amount: ', 2159.9109999999996, 'current total fund: ', 215991.09999999995), ('2021-09-30', 'SOLD for', 617.05, 597.0, 'PNL: ', 3.36, 'REASON: Hit below Trailing Stop-loss', 'HTP: ', 653.95, 'EMA100: ', 595.02), ('2021-11-03', 'BUYING CHANCE!', 610.55, 0, 0)]",True,False,False
GAIL,0,0,144.98,0,"[('2021-01-21', 'BOUGHT for', 133.75, 133.75, 80.0, 'HTP: ', 0, 'ema100: ', 111.52, 'sl diff: ', 22.230000000000004, 'risk amount: ', 1776.9434999999994, 'current total fund: ', 177694.34999999995), ('2021-02-10', 'BUYING CHANCE!', 133.6, 133.75, 80.0), ('2021-02-26', 'SOLD for', 141.8, 133.75, 'PNL: ', 6.02, 'REASON: Hit below Trailing Stop-loss', 'HTP: ', 150.8, 'EMA100: ', 121.16), ('2021-04-07', 'BUYING CHANCE!', 138.65, 0, 0), ('2021-04-30', 'BUYING CHANCE!', 137.2, 0, 0), ('2021-08-06', 'BUYING CHANCE!', 148.75, 0, 0), ('2021-09-03', 'BUYING CHANCE!', 147.4, 0, 0)]",True,False,False
GODREJCP,0,0,795.98,0,"[('2020-08-20', 'BUYING CHANCE!', 689.2, 0, 0), ('2020-11-09', 'BUYING CHANCE!', 688.35, 0, 0), ('2021-02-12', 'BUYING CHANCE!', 754.3, 0, 0), ('2021-04-09', 'BUYING CHANCE!', 739.1, 0, 0), ('2021-05-12', 'BOUGHT for', 872.85, 872.85, 12.0, 'HTP: ', 0, 'ema100: ', 715.53, 'sl diff: ', 157.32000000000005, 'risk amount: ', 1921.4275, 'current total fund: ', 192142.75), ('2021-07-05', 'BUYING CHANCE!', 925.0, 872.85, 12.0), ('2021-08-05', 'SOLD for', 976.0, 872.85, 'PNL: ', 11.817608982070228, 'REASON: Selling by Stochastic indication', 'HTP: ', 1017.1, 'EMA100: ', 858.97)]",True,False,False
HDFCAMC,0,0,2908.61,0,"[('2019-05-31', 'BUYING CHANCE!', 1772.3, 0, 0), ('2019-07-17', 'BUYING CHANCE!', 2075.4, 0, 0), ('2019-08-09', 'BUYING CHANCE!', 2228.55, 0, 0), ('2019-10-18', 'BOUGHT for', 2882.65, 2882.65, 2.0, 'HTP: ', 0, 'ema100: ', 2313.2, 'sl diff: ', 569.4500000000003, 'risk amount: ', 934.8994999999999, 'current total fund: ', 93489.94999999998), ('2019-10-25', 'SOLD for', 2898.55, 2882.65, 'PNL: ', 0.55, 'REASON: Hit below Trailing Stop-loss', 'HTP: ', 3086.05, 'EMA100: ', 2366.03), ('2020-01-15', 'BUYING CHANCE!', 3204.15, 0, 0), ('2020-02-05', 'BUYING CHANCE!', 3189.8, 0, 0), ('2020-12-23', 'BUYING CHANCE!', 2938.95, 0, 0), ('2021-02-08', 'BUYING CHANCE!', 3086.7, 0, 0), ('2021-02-09', 'BUYING CHANCE!', 3010.3, 0, 0), ('2021-04-08', 'BUYING CHANCE!', 3005.4, 0, 0), ('2021-05-28', 'BUYING CHANCE!', 2969.75, 0, 0), ('2021-07-12', 'BUYING CHANCE!', 2935.35, 0, 0), ('2021-07-13', 'BUYING CHANCE!', 2937.45, 0, 0), ('2021-08-09', 'BUYING CHANCE!', 2968.95, 0, 0)]",True,False,False
HAVELLS,0,0,1309.88,0,"[('2019-01-04', 'BUYING CHANCE!', 678.55, 0, 0), ('2019-01-22', 'BUYING CHANCE!', 711.85, 0, 0), ('2019-02-28', 'BUYING CHANCE!', 715.35, 0, 0), ('2019-04-22', 'BUYING CHANCE!', 761.45, 0, 0), ('2019-05-21', 'BUYING CHANCE!', 757.9, 0, 0), ('2020-09-22', 'BOUGHT for', 665.25, 665.25, 23.0, 'HTP: ', 0, 'ema100: ', 605.73, 'sl diff: ', 59.51999999999998, 'risk amount: ', 1365.7464999999997, 'current total fund: ', 136574.64999999997), ('2020-11-23', 'SOLD for', 824.15, 665.25, 'PNL: ', 23.885757234122508, 'REASON: Selling by Stochastic indication', 'HTP: ', 844.7, 'EMA100: ', 693.26), ('2020-12-02', 'BOUGHT for', 836.35, 836.3500000000001, 13.0, 'HTP: ', 0, 'ema100: ', 707.25, 'sl diff: ', 129.10000000000002, 'risk amount: ', 1634.7189999999994, 'current total fund: ', 163471.89999999994), ('2021-01-18', 'SOLD for', 985.65, 836.3500000000001, 'PNL: ', 17.851378011597994, 'REASON: Selling by Stochastic indication', 'HTP: ', 1018.8, 'EMA100: ', 807.95), ('2021-03-04', 'BUYING CHANCE!', 1171.6, 0, 0), ('2021-03-05', 'BUYING CHANCE!', 1116.8, 0, 0), ('2021-05-17', 'BUYING CHANCE!', 1030.55, 0, 0), ('2021-06-02', 'BUYING CHANCE!', 1046.7, 0, 0), ('2021-08-30', 'BUYING CHANCE!', 1266.5, 0, 0), ('2021-11-09', 'BUYING CHANCE!', 1326.9, 0, 0), ('2021-12-22', 'BOUGHT for', 1371.45, 1371.45, 34.0, 'HTP: ', 0, 'ema100: ', 1309.88, 'sl diff: ', 61.569999999999936, 'risk amount: ', 2095.0519999999997, 'current total fund: ', 209505.19999999995), ('2022-01-13', 'SOLD for', 1326.9, 1371.45, 'PNL: ', -3.248386743957122, 'REASON: Selling by Stop-loss hit', 'HTP: ', 1406.15, 'EMA100: ', 1328.13)]",False,False,False
HINDPETRO,0,0,297.33,0,"[('2019-06-04', 'BOUGHT for', 317.85, 317.85, 21.0, 'HTP: ', 0, 'ema100: ', 269.06, 'sl diff: ', 48.79000000000002, 'risk amount: ', 1002.8294999999998, 'current total fund: ', 100282.94999999998), ('2019-07-24', 'SOLD for', 278.6, 317.85, 'PNL: ', -12.34859210319333, 'REASON: Selling by Stop-loss hit', 'HTP: ', 317.85, 'EMA100: ', 280.66), ('2019-10-01', 'BUYING CHANCE!', 309.45, 0, 0), ('2019-10-30', 'BOUGHT for', 318.4, 318.4, 27.0, 'HTP: ', 0, 'ema100: ', 283.42, 'sl diff: ', 34.97999999999996, 'risk amount: ', 934.8994999999999, 'current total fund: ', 93489.94999999998), ('2019-11-21', 'SOLD for', 286.8, 318.4, 'PNL: ', -9.924623115577878, 'REASON: Selling by Stop-loss hit', 'HTP: ', 325.25, 'EMA100: ', 287.94), ('2021-02-17', 'BUYING CHANCE!', 234.45, 0, 0), ('2021-04-05', 'BUYING CHANCE!', 235.25, 0, 0), ('2021-07-05', 'BUYING CHANCE!', 304.45, 0, 0), ('2021-07-06', 'BUYING CHANCE!', 304.55, 0, 0), ('2021-08-31', 'BUYING CHANCE!', 266.6, 0, 0), ('2021-11-08', 'BUYING CHANCE!', 345.8, 0, 0), ('2022-01-05', 'BUYING CHANCE!', 314.3, 0, 0)]",False,False,False
ICICIGI,0,0,1522.91,0,"[('2019-01-04', 'BUYING CHANCE!', 866.9, 0, 0), ('2019-01-31', 'BUYING CHANCE!', 880.25, 0, 0), ('2019-05-10', 'BOUGHT for', 1085.2, 1085.2, 9.0, 'HTP: ', 0, 'ema100: ', 967.44, 'sl diff: ', 117.75999999999999, 'risk amount: ', 1064.797, 'current total fund: ', 106479.7), ('2019-06-06', 'SOLD for', 1172.8, 1085.2, 'PNL: ', 8.07, 'REASON: Hit below Trailing Stop-loss', 'HTP: ', 1243.85, 'EMA100: ', 1020.52), ('2019-07-25', 'BUYING CHANCE!', 1098.15, 0, 0), ('2019-08-26', 'BUYING CHANCE!', 1206.2, 0, 0), ('2019-09-20', 'BOUGHT for', 1235.9, 1235.9, 8.0, 'HTP: ', 0, 'ema100: ', 1119.89, 'sl diff: ', 116.00999999999999, 'risk amount: ', 962.9074999999997, 'current total fund: ', 96290.74999999997), ('2019-11-06', 'SOLD for', 1290.35, 1235.9, 'PNL: ', 4.41, 'REASON: Hit below Trailing Stop-loss', 'HTP: ', 1367.0, 'EMA100: ', 1185.81), ('2019-12-19', 'BUYING CHANCE!', 1364.0, 0, 0), ('2020-01-17', 'BUYING CHANCE!', 1412.5, 0, 0), ('2020-02-06', 'BUYING CHANCE!', 1377.65, 0, 0), ('2020-06-09', 'BUYING CHANCE!', 1314.35, 0, 0), ('2020-07-07', 'BUYING CHANCE!', 1273.7, 0, 0), ('2020-09-11', 'BUYING CHANCE!', 1298.2, 0, 0), ('2020-11-20', 'BUYING CHANCE!', 1356.3, 0, 0), ('2021-02-04', 'BUYING CHANCE!', 1470.25, 0, 0), ('2021-03-03', 'BUYING CHANCE!', 1496.9, 0, 0), ('2021-04-26', 'BUYING CHANCE!', 1451.6, 0, 0), ('2021-06-11', 'BUYING CHANCE!', 1515.75, 0, 0), ('2021-11-15', 'BUYING CHANCE!', 1536.55, 0, 0)]",True,False,False
ICICIPRULI,0,0,634.54,0,"[('2019-07-05', 'BUYING CHANCE!', 398.45, 0, 0), ('2019-07-15', 'BUYING CHANCE!', 384.6, 0, 0), ('2019-07-16', 'BUYING CHANCE!', 380.9, 0, 0), ('2019-07-25', 'BOUGHT for', 396.1, 396.1, 32.0, 'HTP: ', 0, 'ema100: ', 365.7, 'sl diff: ', 30.400000000000034, 'risk amount: ', 986.5344999999999, 'current total fund: ', 98653.44999999998), ('2019-09-12', 'SOLD for', 419.75, 396.1, 'PNL: ', 5.97, 'REASON: Hit below Trailing Stop-loss', 'HTP: ', 442.35, 'EMA100: ', 384.19), ('2019-12-16', 'BUYING CHANCE!', 496.25, 0, 0), ('2020-01-13', 'BUYING CHANCE!', 496.95, 0, 0), ('2020-02-07', 'BUYING CHANCE!', 495.5, 0, 0), ('2020-08-06', 'BUYING CHANCE!', 471.6, 0, 0), ('2020-10-06', 'BUYING CHANCE!', 430.75, 0, 0), ('2020-11-19', 'BUYING CHANCE!', 441.3, 0, 0), ('2021-01-20', 'BOUGHT for', 515.25, 515.25, 35.0, 'HTP: ', 0, 'ema100: ', 463.92, 'sl diff: ', 51.329999999999984, 'risk amount: ', 1776.9434999999994, 'current total fund: ', 177694.34999999995), ('2021-01-21', 'BOUGHT for', 506.1, 510.20576923076925, 78.0, 'HTP: ', 515.25, 'ema100: ', 464.75, 'sl diff: ', 41.35000000000002, 'risk amount: ', 1776.9434999999994, 'current total fund: ', 177694.34999999995), ('2021-02-15', 'BUYING CHANCE!', 486.35, 510.20576923076925, 78.0), ('2021-02-22', 'SOLD for', 465.75, 510.20576923076925, 'PNL: ', -8.713301948308944, 'REASON: Selling by Stop-loss hit', 'HTP: ', 515.25, 'EMA100: ', 471.42), ('2021-03-03', 'BUYING CHANCE!', 490.2, 0, 0), ('2021-05-31', 'BUYING CHANCE!', 554.25, 0, 0), ('2021-06-01', 'BUYING CHANCE!', 552.0, 0, 0), ('2021-10-06', 'BUYING CHANCE!', 678.65, 0, 0), ('2021-10-07', 'BUYING CHANCE!', 681.65, 0, 0), ('2021-11-09', 'BUYING CHANCE!', 651.3, 0, 0)]",True,False,False
IGL,0,0,530.69,0,"[('2019-02-27', 'BUYING CHANCE!', 289.8, 0, 0), ('2019-05-20', 'BUYING CHANCE!', 313.55, 0, 0), ('2019-07-15', 'BUYING CHANCE!', 314.75, 0, 0), ('2019-08-14', 'BUYING CHANCE!', 316.4, 0, 0), ('2019-12-11', 'BOUGHT for', 416.9, 416.9, 20.0, 'HTP: ', 0, 'ema100: ', 368.76, 'sl diff: ', 48.139999999999986, 'risk amount: ', 950.8099999999997, 'current total fund: ', 95080.99999999997), ('2020-01-13', 'BUYING CHANCE!', 420.95, 416.9, 20.0), ('2020-02-11', 'SOLD for', 507.15, 416.9, 'PNL: ', 21.647877188774288, 'REASON: Selling by Stochastic indication', 'HTP: ', 522.3, 'EMA100: ', 426.44), ('2020-04-15', 'BOUGHT for', 453.35, 453.35, 29.0, 'HTP: ', 0, 'ema100: ', 418.74, 'sl diff: ', 34.610000000000014, 'risk amount: ', 1018.579, 'current total fund: ', 101857.9), ('2020-05-14', 'SOLD for', 461.7, 453.35, 'PNL: ', 1.84, 'REASON: Hit below Trailing Stop-loss', 'HTP: ', 495.95, 'EMA100: ', 434.25), ('2020-05-28', 'BOUGHT for', 470.75, 470.75, 32.0, 'HTP: ', 0, 'ema100: ', 437.91, 'sl diff: ', 32.839999999999975, 'risk amount: ', 1066.1145, 'current total fund: ', 106611.45), ('2020-05-29', 'BUYING CHANCE!', 472.1, 470.75, 32.0), ('2020-06-08', 'SOLD for', 472.9, 470.75, 'PNL: ', 0.46, 'REASON: Hit below Trailing Stop-loss', 'HTP: ', 504.75, 'EMA100: ', 443.65), ('2020-11-23', 'BOUGHT for', 449.65, 449.65, 45.0, 'HTP: ', 0, 'ema100: ', 413.2, 'sl diff: ', 36.44999999999999, 'risk amount: ', 1634.7189999999994, 'current total fund: ', 163471.89999999994), ('2020-12-21', 'SOLD for', 464.35, 449.65, 'PNL: ', 3.27, 'REASON: Hit below Trailing Stop-loss', 'HTP: ', 496.4, 'EMA100: ', 433.77), ('2020-12-22', 'BOUGHT for', 492.8, 492.8, 28.0, 'HTP: ', 0, 'ema100: ', 434.94, 'sl diff: ', 57.860000000000014, 'risk amount: ', 1634.7189999999994, 'current total fund: ', 163471.89999999994), ('2021-01-18', 'SOLD for', 535.2, 492.8, 'PNL: ', 8.603896103896112, 'REASON: Selling by Stochastic indication', 'HTP: ', 567.95, 'EMA100: ', 463.67), ('2021-02-03', 'BUYING CHANCE!', 545.8, 0, 0), ('2021-03-23', 'BUYING CHANCE!', 519.35, 0, 0), ('2021-05-27', 'BUYING CHANCE!', 517.3, 0, 0), ('2021-05-28', 'BUYING CHANCE!', 513.65, 0, 0), ('2021-06-29', 'BUYING CHANCE!', 549.95, 0, 0), ('2021-08-02', 'BUYING CHANCE!', 557.5, 0, 0), ('2021-08-31', 'BUYING CHANCE!', 545.85, 0, 0)]",True,False,False
INDUSTOWER,0,0,265.45,0,"[('2019-04-10', 'BOUGHT for', 315.3, 315.3, 56.0, 'HTP: ', 0, 'ema100: ', 297.08, 'sl diff: ', 18.220000000000027, 'risk amount: ', 1021.85, 'current total fund: ', 102185.0), ('2019-04-23', 'SOLD for', 294.0, 315.3, 'PNL: ', -6.755470980019032, 'REASON: Selling by Stop-loss hit', 'HTP: ', 315.3, 'EMA100: ', 298.37), ('2021-01-01', 'BUYING CHANCE!', 235.45, 0, 0), ('2021-01-04', 'BUYING CHANCE!', 241.4, 0, 0), ('2021-02-03', 'BUYING CHANCE!', 248.1, 0, 0), ('2021-04-01', 'BUYING CHANCE!', 255.45, 0, 0), ('2021-04-29', 'BUYING CHANCE!', 252.4, 0, 0), ('2021-06-07', 'BUYING CHANCE!', 252.45, 0, 0), ('2021-09-23', 'BOUGHT for', 279.05, 279.05, 54.0, 'HTP: ', 0, 'ema100: ', 237.16, 'sl diff: ', 41.890000000000015, 'risk amount: ', 2258.5375, 'current total fund: ', 225853.75), ('2021-10-07', 'SOLD for', 306.25, 279.05, 'PNL: ', 9.747357104461562, 'REASON: Selling by Stochastic indication', 'HTP: ', 320.15, 'EMA100: ', 250.85), ('2021-11-03', 'BUYING CHANCE!', 287.55, 0, 0), ('2022-01-11', 'BUYING CHANCE!', 267.55, 0, 0)]",True,False,False
NAUKRI,0,0,5956.54,0,"[('2019-01-04', 'BUYING CHANCE!', 1557.05, 0, 0), ('2019-01-07', 'BUYING CHANCE!', 1622.0, 0, 0), ('2019-02-15', 'BOUGHT for', 1696.35, 1696.35, 8.0, 'HTP: ', 0, 'ema100: ', 1564.17, 'sl diff: ', 132.17999999999984, 'risk amount: ', 1092.0919999999999, 'current total fund: ', 109209.19999999998), ('2019-02-18', 'BOUGHT for', 1663.55, 1677.3605263157895, 19.0, 'HTP: ', 1696.35, 'ema100: ', 1566.14, 'sl diff: ', 97.40999999999985, 'risk amount: ', 1092.0919999999999, 'current total fund: ', 109209.19999999998), ('2019-02-22', 'BOUGHT for', 1644.6, 1662.9073529411764, 34.0, 'HTP: ', 1710.05, 'ema100: ', 1573.74, 'sl diff: ', 70.8599999999999, 'risk amount: ', 1092.0919999999999, 'current total fund: ', 109209.19999999998), ('2019-03-07', 'SOLD for', 1706.8, 1662.9073529411764, 'PNL: ', 2.64, 'REASON: Hit below Trailing Stop-loss', 'HTP: ', 1809.8, 'EMA100: ', 1599.77), ('2019-05-23', 'BUYING CHANCE!', 1903.5, 0, 0), ('2019-06-25', 'BOUGHT for', 2219.25, 2219.25, 3.0, 'HTP: ', 0, 'ema100: ', 1920.38, 'sl diff: ', 298.8699999999999, 'risk amount: ', 1002.8294999999998, 'current total fund: ', 100282.94999999998), ('2019-07-25', 'BUYING CHANCE!', 2245.15, 2219.25, 3.0), ('2019-08-22', 'SOLD for', 2053.45, 2219.25, 'PNL: ', -7.4709924524051, 'REASON: Selling by Stop-loss hit', 'HTP: ', 2306.25, 'EMA100: ', 2074.3), ('2019-09-05', 'BUYING CHANCE!', 2174.7, 0, 0), ('2019-09-20', 'BUYING CHANCE!', 2082.55, 0, 0), ('2019-12-11', 'BUYING CHANCE!', 2563.65, 0, 0), ('2020-01-14', 'BUYING CHANCE!', 2545.85, 0, 0), ('2020-03-03', 'BOUGHT for', 2788.8, 2788.8, 5.0, 'HTP: ', 0, 'ema100: ', 2591.45, 'sl diff: ', 197.35000000000036, 'risk amount: ', 1013.4004999999996, 'current total fund: ', 101340.04999999996), ('2020-03-09', 'SOLD for', 2530.7, 2788.8, 'PNL: ', -9.254876649454975, 'REASON: Selling by Stop-loss hit', 'HTP: ', 2788.8, 'EMA100: ', 2594.67), ('2020-05-29', 'BOUGHT for', 2683.8, 2683.8, 5.0, 'HTP: ', 0, 'ema100: ', 2457.85, 'sl diff: ', 225.95000000000027, 'risk amount: ', 1066.1145, 'current total fund: ', 106611.45), ('2020-06-24', 'SOLD for', 2712.05, 2683.8, 'PNL: ', 1.05, 'REASON: Hit below Trailing Stop-loss', 'HTP: ', 2954.7, 'EMA100: ', 2537.01), ('2020-07-02', 'BOUGHT for', 2789.5, 2789.5, 5.0, 'HTP: ', 0, 'ema100: ', 2562.62, 'sl diff: ', 226.8800000000001, 'risk amount: ', 1066.1145, 'current total fund: ', 106611.45), ('2020-07-28', 'SOLD for', 3129.65, 2789.5, 'PNL: ', 12.193941566588997, 'REASON: Selling by Stochastic indication', 'HTP: ', 3272.3, 'EMA100: ', 2704.39), ('2020-09-25', 'BOUGHT for', 3450.15, 3450.15, 4.0, 'HTP: ', 0, 'ema100: ', 3075.81, 'sl diff: ', 374.34000000000015, 'risk amount: ', 1365.7464999999997, 'current total fund: ', 136574.64999999997), ('2020-10-19', 'SOLD for', 3476.2, 3450.15, 'PNL: ', 0.76, 'REASON: Hit below Trailing Stop-loss', 'HTP: ', 3740.55, 'EMA100: ', 3198.89), ('2020-10-27', 'BOUGHT for', 3577.8, 3577.8, 4.0, 'HTP: ', 0, 'ema100: ', 3234.95, 'sl diff: ', 342.85000000000036, 'risk amount: ', 1471.3134999999997, 'current total fund: ', 147131.34999999998), ('2021-01-08', 'SOLD for', 5412.2, 3577.8, 'PNL: ', 51.271731231483024, 'REASON: Selling by Stochastic indication', 'HTP: ', 5494.4, 'EMA100: ', 3987.85), ('2021-01-22', 'BOUGHT for', 5342.0, 5342.0, 2.0, 'HTP: ', 0, 'ema100: ', 4204.14, 'sl diff: ', 1137.8599999999997, 'risk amount: ', 1776.9434999999994, 'current total fund: ', 177694.34999999995), ('2021-02-03', 'BUYING CHANCE!', 4810.05, 5342.0, 2.0), ('2021-02-04', 'BUYING CHANCE!', 4790.05, 5342.0, 2.0), ('2021-03-18', 'SOLD for', 4480.05, 5342.0, 'PNL: ', -16.135342568326468, 'REASON: Selling by Stop-loss hit', 'HTP: ', 5520.85, 'EMA100: ', 4581.29), ('2021-04-08', 'BUYING CHANCE!', 4842.0, 0, 0), ('2021-06-07', 'BUYING CHANCE!', 4661.7, 0, 0), ('2021-07-29', 'BUYING CHANCE!', 5208.9, 0, 0), ('2021-10-08', 'BOUGHT for', 6670.95, 6670.95, 2.0, 'HTP: ', 0, 'ema100: ', 5718.19, 'sl diff: ', 952.7600000000002, 'risk amount: ', 2258.5375, 'current total fund: ', 225853.75), ('2021-11-12', 'BUYING CHANCE!', 6406.5, 6670.95, 2.0), ('2021-11-23', 'SOLD for', 5996.2, 6670.95, 'PNL: ', -10.114751272307542, 'REASON: Selling by Stop-loss hit', 'HTP: ', 7019.5, 'EMA100: ', 5998.07)]",True,False,False
INDIGO,0,0,1961.64,0,"[('2019-03-15', 'BOUGHT for', 1296.05, 1296.05, 6.0, 'HTP: ', 0, 'ema100: ', 1120.86, 'sl diff: ', 175.19000000000005, 'risk amount: ', 1021.85, 'current total fund: ', 102185.0), ('2019-04-03', 'SOLD for', 1365.25, 1296.05, 'PNL: ', 5.34, 'REASON: Hit below Trailing Stop-loss', 'HTP: ', 1438.5, 'EMA100: ', 1179.51), ('2019-05-23', 'BUYING CHANCE!', 1543.9, 0, 0), ('2019-07-04', 'BUYING CHANCE!', 1635.75, 0, 0), ('2019-07-05', 'BUYING CHANCE!', 1562.0, 0, 0), ('2019-07-23', 'BOUGHT for', 1523.4, 1523.4, 16.0, 'HTP: ', 0, 'ema100: ', 1461.76, 'sl diff: ', 61.6400000000001, 'risk amount: ', 986.5344999999999, 'current total fund: ', 98653.44999999998), ('2019-10-07', 'SOLD for', 1795.15, 1523.4, 'PNL: ', 17.838387816725746, 'REASON: Selling by Stochastic indication', 'HTP: ', 1889.65, 'EMA100: ', 1602.79), ('2020-10-26', 'BOUGHT for', 1351.95, 1351.95, 10.0, 'HTP: ', 0, 'ema100: ', 1199.51, 'sl diff: ', 152.44000000000005, 'risk amount: ', 1471.3134999999997, 'current total fund: ', 147131.34999999998), ('2020-11-02', 'BOUGHT for', 1311.2, 1327.5, 25.0, 'HTP: ', 1351.95, 'ema100: ', 1210.44, 'sl diff: ', 100.75999999999999, 'risk amount: ', 1471.3134999999997, 'current total fund: ', 147131.34999999998), ('2020-11-25', 'SOLD for', 1590.65, 1327.5, 'PNL: ', 19.82, 'REASON: Hit below Trailing Stop-loss', 'HTP: ', 1702.0, 'EMA100: ', 1318.22), ('2021-01-21', 'BOUGHT for', 1677.55, 1677.55, 11.0, 'HTP: ', 0, 'ema100: ', 1509.45, 'sl diff: ', 168.0999999999999, 'risk amount: ', 1776.9434999999994, 'current total fund: ', 177694.34999999995), ('2021-02-03', 'BUYING CHANCE!', 1621.7, 1677.55, 11.0), ('2021-02-22', 'SOLD for', 1512.25, 1677.55, 'PNL: ', -9.853655628744297, 'REASON: Selling by Stop-loss hit', 'HTP: ', 1695.95, 'EMA100: ', 1546.55), ('2021-02-25', 'BOUGHT for', 1660.2, 1660.2, 17.0, 'HTP: ', 0, 'ema100: ', 1549.94, 'sl diff: ', 110.25999999999999, 'risk amount: ', 1870.6434999999997, 'current total fund: ', 187064.34999999998), ('2021-03-08', 'SOLD for', 1707.9, 1660.2, 'PNL: ', 2.87, 'REASON: Hit below Trailing Stop-loss', 'HTP: ', 1798.9, 'EMA100: ', 1571.92), ('2021-04-09', 'BUYING CHANCE!', 1646.95, 0, 0), ('2021-04-27', 'BOUGHT for', 1640.5, 1640.5, 42.0, 'HTP: ', 0, 'ema100: ', 1595.81, 'sl diff: ', 44.690000000000055, 'risk amount: ', 1895.5104999999999, 'current total fund: ', 189551.05), ('2021-06-18', 'SOLD for', 1702.7, 1640.5, 'PNL: ', 3.79, 'REASON: Hit below Trailing Stop-loss', 'HTP: ', 1793.05, 'EMA100: ', 1662.4), ('2021-07-01', 'BUYING CHANCE!', 1742.6, 0, 0), ('2021-08-17', 'BUYING CHANCE!', 1705.55, 0, 0), ('2021-10-14', 'BUYING CHANCE!', 2073.2, 0, 0), ('2021-12-27', 'BUYING CHANCE!', 2002.75, 0, 0)]",False,False,False
JUBLFOOD,0,0,3701.47,0,"[('2019-11-25', 'BOUGHT for', 1610.6, 1610.6, 4.0, 'HTP: ', 0, 'ema100: ', 1390.89, 'sl diff: ', 219.7099999999998, 'risk amount: ', 934.8994999999999, 'current total fund: ', 93489.94999999998), ('2019-12-13', 'BUYING CHANCE!', 1619.95, 1610.6, 4.0), ('2019-12-27', 'BUYING CHANCE!', 1627.0, 1610.6, 4.0), ('2020-02-10', 'SOLD for', 1855.05, 1610.6, 'PNL: ', 15.18, 'REASON: Hit below Trailing Stop-loss', 'HTP: ', 1955.4, 'EMA100: ', 1619.35), ('2020-02-20', 'BOUGHT for', 1883.15, 1883.15, 4.0, 'HTP: ', 0, 'ema100: ', 1652.49, 'sl diff: ', 230.66000000000008, 'risk amount: ', 978.9024999999997, 'current total fund: ', 97890.24999999997), ('2020-03-02', 'SOLD for', 1668.0, 1883.15, 'PNL: ', -11.425005974032874, 'REASON: Selling by Stop-loss hit', 'HTP: ', 1883.15, 'EMA100: ', 1669.48), ('2020-06-01', 'BUYING CHANCE!', 1675.95, 0, 0), ('2020-07-16', 'BUYING CHANCE!', 1692.7, 0, 0), ('2021-02-04', 'BUYING CHANCE!', 2825.2, 0, 0), ('2021-03-23', 'BUYING CHANCE!', 2931.75, 0, 0), ('2021-03-26', 'BOUGHT for', 2880.8, 2880.8000000000006, 12.0, 'HTP: ', 0, 'ema100: ', 2725.74, 'sl diff: ', 155.0600000000004, 'risk amount: ', 1895.5104999999999, 'current total fund: ', 189551.05), ('2021-04-12', 'SOLD for', 2729.4, 2880.8000000000006, 'PNL: ', -5.2554845876145695, 'REASON: Selling by Stop-loss hit', 'HTP: ', 2955.7, 'EMA100: ', 2748.49), ('2021-04-22', 'BOUGHT for', 2876.35, 2876.35, 16.0, 'HTP: ', 0, 'ema100: ', 2755.23, 'sl diff: ', 121.11999999999989, 'risk amount: ', 1895.5104999999999, 'current total fund: ', 189551.05), ('2021-05-07', 'SOLD for', 2740.55, 2876.35, 'PNL: ', -4.721261320771107, 'REASON: Selling by Stop-loss hit', 'HTP: ', 2951.0, 'EMA100: ', 2775.14), ('2021-08-27', 'BOUGHT for', 3812.35, 3812.35, 4.0, 'HTP: ', 0, 'ema100: ', 3301.04, 'sl diff: ', 511.30999999999995, 'risk amount: ', 2159.9109999999996, 'current total fund: ', 215991.09999999995), ('2021-08-30', 'BUYING CHANCE!', 3907.45, 3812.35, 4.0), ('2021-10-04', 'BOUGHT for', 4145.65, 3979.0, 8.0, 'HTP: ', 4181.15, 'ema100: ', 3610.39, 'sl diff: ', 535.2599999999998, 'risk amount: ', 2258.5375, 'current total fund: ', 225853.75), ('2021-10-05', 'BOUGHT for', 4068.6, 4013.4615384615386, 13.0, 'HTP: ', 4181.15, 'ema100: ', 3619.46, 'sl diff: ', 449.1399999999999, 'risk amount: ', 2258.5375, 'current total fund: ', 225853.75), ('2021-10-06', 'SOLD for', 3933.95, 4013.4615384615386, 'PNL: ', -1.98, 'REASON: Hit below Trailing Stop-loss', 'HTP: ', 4181.15, 'EMA100: ', 3625.69), ('2021-10-12', 'BOUGHT for', 4275.95, 4275.95, 4.0, 'HTP: ', 0, 'ema100: ', 3660.83, 'sl diff: ', 615.1199999999999, 'risk amount: ', 2258.5375, 'current total fund: ', 225853.75), ('2021-10-22', 'SOLD for', 3701.25, 4275.95, 'PNL: ', -13.440288123107143, 'REASON: Selling by Stop-loss hit', 'HTP: ', 4525.7, 'EMA100: ', 3725.51), ('2021-11-11', 'BUYING CHANCE!', 3900.05, 0, 0), ('2022-01-11', 'BUYING CHANCE!', 3806.6, 0, 0)]",False,False,False
LTI,0,0,5964.31,0,"[('2019-01-14', 'BUYING CHANCE!', 1729.2, 0, 0), ('2019-02-01', 'BUYING CHANCE!', 1768.75, 0, 0), ('2019-05-17', 'BOUGHT for', 1788.2, 1788.2, 12.0, 'HTP: ', 0, 'ema100: ', 1700.34, 'sl diff: ', 87.86000000000013, 'risk amount: ', 1064.797, 'current total fund: ', 106479.7), ('2019-06-21', 'SOLD for', 1700.75, 1788.2, 'PNL: ', -4.890392573537637, 'REASON: Selling by Stop-loss hit', 'HTP: ', 1825.95, 'EMA100: ', 1727.19), ('2019-06-26', 'BUYING CHANCE!', 1792.05, 0, 0), ('2020-01-02', 'BUYING CHANCE!', 1821.55, 0, 0), ('2020-06-11', 'BOUGHT for', 1870.4, 1870.4000000000003, 6.0, 'HTP: ', 0, 'ema100: ', 1691.54, 'sl diff: ', 178.86000000000013, 'risk amount: ', 1066.1145, 'current total fund: ', 106611.45), ('2020-08-17', 'SOLD for', 2440.9, 1870.4000000000003, 'PNL: ', 30.501497005988007, 'REASON: Selling by Stochastic indication', 'HTP: ', 2519.3, 'EMA100: ', 2028.88), ('2020-08-27', 'BOUGHT for', 2496.85, 2496.85, 3.0, 'HTP: ', 0, 'ema100: ', 2083.93, 'sl diff: ', 412.9200000000001, 'risk amount: ', 1365.7464999999997, 'current total fund: ', 136574.64999999997), ('2020-09-22', 'SOLD for', 2579.85, 2496.85, 'PNL: ', 3.32, 'REASON: Hit below Trailing Stop-loss', 'HTP: ', 2737.95, 'EMA100: ', 2228.03), ('2020-09-30', 'BOUGHT for', 2543.55, 2543.55, 5.0, 'HTP: ', 0, 'ema100: ', 2257.39, 'sl diff: ', 286.1600000000003, 'risk amount: ', 1365.7464999999997, 'current total fund: ', 136574.64999999997), ('2020-10-16', 'SOLD for', 3075.15, 2543.55, 'PNL: ', 20.9, 'REASON: Hit below Trailing Stop-loss', 'HTP: ', 3330.55, 'EMA100: ', 2397.85), ('2020-11-05', 'BUYING CHANCE!', 3179.0, 0, 0), ('2020-11-14', 'BUYING CHANCE!', 3037.85, 0, 0), ('2020-11-17', 'BUYING CHANCE!', 2997.95, 0, 0), ('2021-02-03', 'BUYING CHANCE!', 4305.5, 0, 0), ('2021-03-03', 'BOUGHT for', 3911.15, 3911.15, 5.0, 'HTP: ', 0, 'ema100: ', 3535.93, 'sl diff: ', 375.22000000000025, 'risk amount: ', 1870.6434999999997, 'current total fund: ', 187064.34999999998), ('2021-03-30', 'BOUGHT for', 4163.0, 4023.0833333333335, 9.0, 'HTP: ', 4163.0, 'ema100: ', 3671.52, 'sl diff: ', 491.48, 'risk amount: ', 1895.5104999999999, 'current total fund: ', 189551.05), ('2021-04-13', 'SOLD for', 4108.25, 4023.0833333333335, 'PNL: ', 2.12, 'REASON: Hit below Trailing Stop-loss', 'HTP: ', 4378.6, 'EMA100: ', 3763.72), ('2021-05-27', 'BUYING CHANCE!', 3924.3, 0, 0), ('2021-07-14', 'BUYING CHANCE!', 4214.75, 0, 0), ('2021-10-14', 'BUYING CHANCE!', 6098.9, 0, 0), ('2021-12-02', 'BOUGHT for', 6948.75, 6948.75, 2.0, 'HTP: ', 0, 'ema100: ', 5860.23, 'sl diff: ', 1088.5200000000004, 'risk amount: ', 2155.236, 'current total fund: ', 215523.59999999998), ('2021-12-13', 'BUYING CHANCE!', 6770.6, 6948.75, 2.0), ('2022-01-10', 'SOLD for', 7103.55, 6948.75, 'PNL: ', 2.23, 'REASON: Hit below Trailing Stop-loss', 'HTP: ', 7561.75, 'EMA100: ', 6353.26)]",False,False,False
LUPIN,0,0,1129.01,0,"[('2019-01-30', 'BUYING CHANCE!', 866.9, 0, 0), ('2020-05-18', 'BOUGHT for', 856.85, 856.85, 9.0, 'HTP: ', 0, 'ema100: ', 747.68, 'sl diff: ', 109.17000000000007, 'risk amount: ', 1018.579, 'current total fund: ', 101857.9), ('2020-07-02', 'SOLD for', 895.0, 856.85, 'PNL: ', 4.45, 'REASON: Hit below Trailing Stop-loss', 'HTP: ', 943.95, 'EMA100: ', 823.25), ('2020-07-30', 'BUYING CHANCE!', 890.4, 0, 0), ('2020-09-11', 'BUYING CHANCE!', 967.65, 0, 0), ('2020-10-05', 'BUYING CHANCE!', 1038.2, 0, 0), ('2020-10-06', 'BUYING CHANCE!', 1026.35, 0, 0), ('2020-12-07', 'BUYING CHANCE!', 967.45, 0, 0), ('2021-02-04', 'BUYING CHANCE!', 1051.3, 0, 0), ('2021-03-03', 'BUYING CHANCE!', 1060.95, 0, 0), ('2021-04-01', 'BUYING CHANCE!', 1027.0, 0, 0), ('2021-08-04', 'BUYING CHANCE!', 1152.2, 0, 0)]",True,False,False
MRF,0.0,,80479.26,89097.1,"[('2019-11-27', 'BOUGHT for', 63004.0, nan, 0.0, 'HTP: ', 0, 'ema100: ', 60871.43, 'sl diff: ', 2132.5699999999997, 'risk amount: ', 934.8994999999999, 'current total fund: ', 93489.94999999998), ('2019-12-13', 'BOUGHT for', 63926.35, nan, 0.0, 'HTP: ', 63004.0, 'ema100: ', 61231.22, 'sl diff: ', 2695.1299999999974, 'risk amount: ', 950.8099999999997, 'current total fund: ', 95080.99999999997), ('2020-07-06', 'BOUGHT for', 67333.55, nan, 0.0, 'HTP: ', 63926.35, 'ema100: ', 62394.2, 'sl diff: ', 4939.350000000006, 'risk amount: ', 1066.1145, 'current total fund: ', 106611.45), ('2020-07-20', 'BUYING CHANCE!', 65042.8, nan, 0.0), ('2020-08-13', 'BUYING CHANCE!', 63976.5, nan, 0.0), ('2020-11-10', 'BOUGHT for', 69367.0, nan, 0.0, 'HTP: ', 67333.55, 'ema100: ', 62059.49, 'sl diff: ', 7307.510000000002, 'risk amount: ', 1471.3134999999997, 'current total fund: ', 147131.34999999998), ('2020-12-31', 'BOUGHT for', 75750.45, nan, 0.0, 'HTP: ', 69367.0, 'ema100: ', 69450.8, 'sl diff: ', 6299.649999999994, 'risk amount: ', 1776.9434999999994, 'current total fund: ', 177694.34999999995), ('2021-03-03', 'BOUGHT for', 89097.1, nan, 0.0, 'HTP: ', 75750.45, 'ema100: ', 80190.2, 'sl diff: ', 8906.900000000009, 'risk amount: ', 1870.6434999999997, 'current total fund: ', 187064.34999999998), ('2021-05-20', 'BUYING CHANCE!', 81231.1, nan, 0.0), ('2021-07-13', 'BUYING CHANCE!', 83115.8, nan, 0.0), ('2021-10-12', 'BOUGHT for', 85617.5, nan, 0.0, 'HTP: ', 89097.1, 'ema100: ', 80479.26, 'sl diff: ', 5138.240000000005, 'risk amount: ', 2258.5375, 'current total fund: ', 225853.75)]",True,False,False
MARICO,0,0,520.67,0,"[('2019-01-04', 'BUYING CHANCE!', 378.85, 0, 0), ('2019-02-01', 'BUYING CHANCE!', 376.45, 0, 0), ('2019-02-07', 'BUYING CHANCE!', 368.45, 0, 0), ('2019-04-22', 'BUYING CHANCE!', 364.35, 0, 0), ('2019-05-08', 'BUYING CHANCE!', 355.15, 0, 0), ('2019-06-24', 'BUYING CHANCE!', 369.4, 0, 0), ('2019-06-25', 'BUYING CHANCE!', 371.35, 0, 0), ('2019-07-31', 'BUYING CHANCE!', 366.8, 0, 0), ('2019-09-23', 'BUYING CHANCE!', 386.4, 0, 0), ('2019-10-11', 'BUYING CHANCE!', 383.45, 0, 0), ('2019-10-18', 'BOUGHT for', 391.85, 391.85, 64.0, 'HTP: ', 0, 'ema100: ', 377.35, 'sl diff: ', 14.5, 'risk amount: ', 934.8994999999999, 'current total fund: ', 93489.94999999998), ('2019-10-29', 'SOLD for', 366.6, 391.85, 'PNL: ', -6.443792267449279, 'REASON: Selling by Stop-loss hit', 'HTP: ', 395.1, 'EMA100: ', 378.65), ('2020-08-03', 'BUYING CHANCE!', 362.9, 0, 0), ('2020-09-28', 'BUYING CHANCE!', 360.65, 0, 0), ('2020-10-29', 'BUYING CHANCE!', 362.25, 0, 0), ('2020-12-01', 'BOUGHT for', 373.8, 373.8, 130.0, 'HTP: ', 0, 'ema100: ', 361.22, 'sl diff: ', 12.579999999999984, 'risk amount: ', 1634.7189999999994, 'current total fund: ', 163471.89999999994), ('2021-01-14', 'SOLD for', 418.95, 373.8, 'PNL: ', 12.078651685393254, 'REASON: Selling by Stochastic indication', 'HTP: ', 430.35, 'EMA100: ', 383.58), ('2021-02-01', 'BUYING CHANCE!', 416.95, 0, 0), ('2021-03-30', 'BUYING CHANCE!', 408.2, 0, 0), ('2021-05-03', 'BUYING CHANCE!', 445.15, 0, 0), ('2021-07-23', 'BUYING CHANCE!', 533.95, 0, 0), ('2021-08-23', 'BUYING CHANCE!', 528.4, 0, 0), ('2021-10-06', 'BOUGHT for', 564.3, 564.3, 52.0, 'HTP: ', 0, 'ema100: ', 520.67, 'sl diff: ', 43.629999999999995, 'risk amount: ', 2258.5375, 'current total fund: ', 225853.75), ('2021-11-29', 'SOLD for', 534.75, 564.3, 'PNL: ', -5.236576289207861, 'REASON: Selling by Stop-loss hit', 'HTP: ', 584.35, 'EMA100: ', 539.41)]",True,False,False
MOTHERSUMI,0,0,225.27,0,"[('2020-11-12', 'BUYING CHANCE!', 133.1, 0, 0), ('2021-02-03', 'BUYING CHANCE!', 158.4, 0, 0), ('2021-04-01', 'BUYING CHANCE!', 210.45, 0, 0), ('2021-07-13', 'BUYING CHANCE!', 244.5, 0, 0), ('2021-08-03', 'BUYING CHANCE!', 236.7, 0, 0), ('2021-09-15', 'BUYING CHANCE!', 228.25, 0, 0), ('2021-11-08', 'BUYING CHANCE!', 238.6, 0, 0), ('2022-01-11', 'BUYING CHANCE!', 251.45, 0, 0)]",False,False,False
MUTHOOTFIN,0,0,1496.59,0,"[('2019-01-04', 'BUYING CHANCE!', 501.95, 0, 0), ('2019-02-08', 'BUYING CHANCE!', 518.25, 0, 0), ('2019-05-02', 'BUYING CHANCE!', 594.95, 0, 0), ('2019-05-03', 'BOUGHT for', 599.65, 599.65, 21.0, 'HTP: ', 0, 'ema100: ', 548.24, 'sl diff: ', 51.40999999999997, 'risk amount: ', 1064.797, 'current total fund: ', 106479.7), ('2019-05-13', 'SOLD for', 547.25, 599.65, 'PNL: ', -8.738430751271572, 'REASON: Selling by Stop-loss hit', 'HTP: ', 599.65, 'EMA100: ', 550.44), ('2019-05-17', 'BUYING CHANCE!', 579.4, 0, 0), ('2019-06-25', 'BUYING CHANCE!', 639.45, 0, 0), ('2019-07-16', 'BUYING CHANCE!', 631.75, 0, 0), ('2019-08-02', 'BUYING CHANCE!', 621.3, 0, 0), ('2019-08-27', 'BUYING CHANCE!', 635.5, 0, 0), ('2019-09-20', 'BOUGHT for', 629.55, 629.55, 37.0, 'HTP: ', 0, 'ema100: ', 603.21, 'sl diff: ', 26.339999999999918, 'risk amount: ', 962.9074999999997, 'current total fund: ', 96290.74999999997), ('2019-10-15', 'SOLD for', 652.85, 629.55, 'PNL: ', 3.7, 'REASON: Hit below Trailing Stop-loss', 'HTP: ', 689.95, 'EMA100: ', 620.47), ('2019-11-15', 'BOUGHT for', 701.65, 701.65, 16.0, 'HTP: ', 0, 'ema100: ', 642.59, 'sl diff: ', 59.059999999999945, 'risk amount: ', 934.8994999999999, 'current total fund: ', 93489.94999999998), ('2019-12-09', 'BUYING CHANCE!', 685.9, 701.65, 16.0), ('2020-01-30', 'BUYING CHANCE!', 773.3, 701.65, 16.0), ('2020-01-31', 'BUYING CHANCE!', 762.65, 701.65, 16.0), ('2020-02-01', 'SOLD for', 745.4, 701.65, 'PNL: ', 6.24, 'REASON: Hit below Trailing Stop-loss', 'HTP: ', 789.05, 'EMA100: ', 707.55), ('2020-02-05', 'BUYING CHANCE!', 759.65, 0, 0), ('2020-02-17', 'BOUGHT for', 873.9, 873.9, 6.0, 'HTP: ', 0, 'ema100: ', 719.02, 'sl diff: ', 154.88, 'risk amount: ', 978.9024999999997, 'current total fund: ', 97890.24999999997), ('2020-02-28', 'SOLD for', 880.25, 873.9, 'PNL: ', 0.73, 'REASON: Hit below Trailing Stop-loss', 'HTP: ', 944.4, 'EMA100: ', 747.45), ('2020-04-27', 'BOUGHT for', 820.05, 820.05, 11.0, 'HTP: ', 0, 'ema100: ', 727.75, 'sl diff: ', 92.29999999999995, 'risk amount: ', 1018.579, 'current total fund: ', 101857.9), ('2020-05-21', 'BOUGHT for', 826.25, 823.5219999999999, 25.0, 'HTP: ', 862.7, 'ema100: ', 751.99, 'sl diff: ', 74.25999999999999, 'risk amount: ', 1018.579, 'current total fund: ', 101857.9), ('2020-06-23', 'SOLD for', 1128.3, 823.5219999999999, 'PNL: ', 37.00909022466917, 'REASON: Selling by Stochastic indication', 'HTP: ', 1180.0, 'EMA100: ', 829.49), ('2020-07-17', 'BOUGHT for', 1202.95, 1202.95, 5.0, 'HTP: ', 0, 'ema100: ', 913.75, 'sl diff: ', 289.20000000000005, 'risk amount: ', 1318.0604999999996, 'current total fund: ', 131806.04999999996), ('2020-07-31', 'SOLD for', 1273.8, 1202.95, 'PNL: ', 5.89, 'REASON: Hit below Trailing Stop-loss', 'HTP: ', 1362.7, 'EMA100: ', 984.1), ('2020-08-18', 'BOUGHT for', 1238.3, 1238.3, 6.0, 'HTP: ', 0, 'ema100: ', 1033.21, 'sl diff: ', 205.08999999999992, 'risk amount: ', 1318.0604999999996, 'current total fund: ', 131806.04999999996), ('2020-09-21', 'SOLD for', 1044.75, 1238.3, 'PNL: ', -15.63029960429621, 'REASON: Selling by Stop-loss hit', 'HTP: ', 1255.65, 'EMA100: ', 1074.59), ('2020-09-29', 'BUYING CHANCE!', 1130.35, 0, 0), ('2020-12-03', 'BUYING CHANCE!', 1179.1, 0, 0), ('2021-02-10', 'BUYING CHANCE!', 1267.9, 0, 0), ('2021-03-10', 'BOUGHT for', 1304.9, 1304.9, 21.0, 'HTP: ', 0, 'ema100: ', 1216.07, 'sl diff: ', 88.83000000000015, 'risk amount: ', 1870.6434999999997, 'current total fund: ', 187064.34999999998), ('2021-03-12', 'BUYING CHANCE!', 1278.25, 1304.9, 21.0), ('2021-03-24', 'SOLD for', 1219.25, 1304.9, 'PNL: ', -6.563721357958471, 'REASON: Selling by Stop-loss hit', 'HTP: ', 1304.9, 'EMA100: ', 1221.7), ('2021-05-20', 'BUYING CHANCE!', 1263.15, 0, 0), ('2021-07-05', 'BUYING CHANCE!', 1558.6, 0, 0), ('2021-08-26', 'BUYING CHANCE!', 1485.4, 0, 0), ('2021-10-01', 'BOUGHT for', 1533.8, 1533.8, 30.0, 'HTP: ', 0, 'ema100: ', 1458.37, 'sl diff: ', 75.43000000000006, 'risk amount: ', 2258.5375, 'current total fund: ', 225853.75), ('2021-10-04', 'BUYING CHANCE!', 1520.85, 1533.8, 30.0), ('2021-10-29', 'SOLD for', 1467.75, 1533.8, 'PNL: ', -4.306298083192069, 'REASON: Selling by Stop-loss hit', 'HTP: ', 1567.05, 'EMA100: ', 1480.64), ('2022-01-03', 'BUYING CHANCE!', 1540.4, 0, 0)]",True,False,False
NMDC,0,0,160.44,0,"[('2019-07-19', 'BOUGHT for', 115.3, 115.3, 100.0, 'HTP: ', 0, 'ema100: ', 105.47, 'sl diff: ', 9.829999999999998, 'risk amount: ', 986.5344999999999, 'current total fund: ', 98653.44999999998), ('2019-08-02', 'SOLD for', 105.5, 115.3, 'PNL: ', -8.499566348655678, 'REASON: Selling by Stop-loss hit', 'HTP: ', 115.3, 'EMA100: ', 106.25), ('2019-12-13', 'BUYING CHANCE!', 114.25, 0, 0), ('2020-12-11', 'BUYING CHANCE!', 110.85, 0, 0), ('2021-02-05', 'BUYING CHANCE!', 116.05, 0, 0), ('2021-03-31', 'BUYING CHANCE!', 135.35, 0, 0), ('2021-06-03', 'BUYING CHANCE!', 185.6, 0, 0), ('2021-06-14', 'BUYING CHANCE!', 185.8, 0, 0), ('2021-06-22', 'BOUGHT for', 185.4, 185.4, 61.0, 'HTP: ', 0, 'ema100: ', 154.15, 'sl diff: ', 31.25, 'risk amount: ', 1921.4275, 'current total fund: ', 192142.75), ('2021-06-29', 'BUYING CHANCE!', 181.55, 185.4, 61.0), ('2021-07-16', 'BUYING CHANCE!', 178.7, 185.4, 61.0), ('2021-08-20', 'SOLD for', 151.0, 185.4, 'PNL: ', -18.554476806903992, 'REASON: Selling by Stop-loss hit', 'HTP: ', 185.4, 'EMA100: ', 165.23)]",True,False,False
PETRONET,0,0,246.55,0,"[('2019-03-18', 'BUYING CHANCE!', 241.45, 0, 0), ('2019-04-30', 'BUYING CHANCE!', 241.15, 0, 0), ('2019-05-09', 'BOUGHT for', 237.35, 237.35, 165.0, 'HTP: ', 0, 'ema100: ', 230.88, 'sl diff: ', 6.469999999999999, 'risk amount: ', 1064.797, 'current total fund: ', 106479.7), ('2019-05-16', 'SOLD for', 224.15, 237.35, 'PNL: ', -5.561407204550237, 'REASON: Selling by Stop-loss hit', 'HTP: ', 237.35, 'EMA100: ', 231.0), ('2019-05-17', 'BUYING CHANCE!', 236.65, 0, 0), ('2019-06-21', 'BOUGHT for', 241.55, 241.55, 138.0, 'HTP: ', 0, 'ema100: ', 234.28, 'sl diff: ', 7.27000000000001, 'risk amount: ', 1002.8294999999998, 'current total fund: ', 100282.94999999998), ('2019-07-24', 'SOLD for', 234.65, 241.55, 'PNL: ', -2.8565514386255457, 'REASON: Selling by Stop-loss hit', 'HTP: ', 252.65, 'EMA100: ', 238.38), ('2019-08-13', 'BUYING CHANCE!', 240.3, 0, 0), ('2019-10-16', 'BUYING CHANCE!', 261.75, 0, 0), ('2019-11-28', 'BUYING CHANCE!', 274.75, 0, 0), ('2019-11-29', 'BUYING CHANCE!', 271.5, 0, 0), ('2020-02-06', 'BUYING CHANCE!', 272.75, 0, 0), ('2020-07-10', 'BUYING CHANCE!', 261.6, 0, 0), ('2020-07-13', 'BUYING CHANCE!', 265.35, 0, 0), ('2020-07-21', 'BUYING CHANCE!', 262.15, 0, 0), ('2020-08-12', 'BUYING CHANCE!', 258.15, 0, 0), ('2020-12-16', 'BUYING CHANCE!', 264.1, 0, 0), ('2020-12-28', 'BUYING CHANCE!', 251.15, 0, 0), ('2021-02-19', 'BUYING CHANCE!', 252.25, 0, 0)]",True,False,False
PIDILITIND,0,0,2286.36,0,"[('2019-01-10', 'BUYING CHANCE!', 1115.15, 0, 0), ('2019-01-14', 'BUYING CHANCE!', 1134.65, 0, 0), ('2019-02-01', 'BUYING CHANCE!', 1122.8, 0, 0), ('2019-02-26', 'BUYING CHANCE!', 1126.6, 0, 0), ('2019-05-20', 'BUYING CHANCE!', 1217.0, 0, 0), ('2019-07-17', 'BUYING CHANCE!', 1229.25, 0, 0), ('2019-09-23', 'BUYING CHANCE!', 1481.35, 0, 0), ('2019-10-29', 'BOUGHT for', 1360.65, 1360.65, 21.0, 'HTP: ', 0, 'ema100: ', 1316.47, 'sl diff: ', 44.180000000000064, 'risk amount: ', 934.8994999999999, 'current total fund: ', 93489.94999999998), ('2019-11-11', 'SOLD for', 1321.1, 1360.65, 'PNL: ', -2.9066990041524403, 'REASON: Selling by Stop-loss hit', 'HTP: ', 1401.6, 'EMA100: ', 1326.1), ('2019-12-18', 'BUYING CHANCE!', 1364.7, 0, 0), ('2020-03-04', 'BOUGHT for', 1581.85, 1581.85, 7.0, 'HTP: ', 0, 'ema100: ', 1441.69, 'sl diff: ', 140.15999999999985, 'risk amount: ', 1013.4004999999996, 'current total fund: ', 101340.04999999996), ('2020-03-12', 'SOLD for', 1592.15, 1581.85, 'PNL: ', 0.65, 'REASON: Hit below Trailing Stop-loss', 'HTP: ', 1699.75, 'EMA100: ', 1460.84), ('2020-04-15', 'BUYING CHANCE!', 1475.0, 0, 0), ('2020-06-03', 'BUYING CHANCE!', 1510.15, 0, 0), ('2020-09-09', 'BUYING CHANCE!', 1459.05, 0, 0), ('2020-10-01', 'BUYING CHANCE!', 1463.0, 0, 0), ('2020-11-24', 'BUYING CHANCE!', 1586.4, 0, 0), ('2020-12-02', 'BOUGHT for', 1599.75, 1599.75, 15.0, 'HTP: ', 0, 'ema100: ', 1491.82, 'sl diff: ', 107.93000000000006, 'risk amount: ', 1634.7189999999994, 'current total fund: ', 163471.89999999994), ('2021-01-14', 'SOLD for', 1790.0, 1599.75, 'PNL: ', 11.892483200500077, 'REASON: Selling by Stochastic indication', 'HTP: ', 1833.15, 'EMA100: ', 1597.9), ('2021-02-03', 'BUYING CHANCE!', 1739.4, 0, 0), ('2021-03-03', 'BUYING CHANCE!', 1764.6, 0, 0), ('2021-08-20', 'BOUGHT for', 2267.2, 2267.2, 12.0, 'HTP: ', 0, 'ema100: ', 2087.77, 'sl diff: ', 179.42999999999984, 'risk amount: ', 2159.9109999999996, 'current total fund: ', 215991.09999999995), ('2021-10-21', 'SOLD for', 2305.5, 2267.2, 'PNL: ', 1.69, 'REASON: Hit below Trailing Stop-loss', 'HTP: ', 2501.8, 'EMA100: ', 2260.31), ('2021-11-04', 'BUYING CHANCE!', 2408.0, 0, 0), ('2021-12-10', 'BUYING CHANCE!', 2325.75, 0, 0)]",False,False,False
PEL,0,0,2565.58,0,"[('2021-01-11', 'BUYING CHANCE!', 1507.85, 0, 0), ('2021-02-03', 'BUYING CHANCE!', 1515.3, 0, 0), ('2021-03-23', 'BUYING CHANCE!', 1910.7, 0, 0), ('2021-04-09', 'BUYING CHANCE!', 1809.2, 0, 0), ('2021-05-21', 'BUYING CHANCE!', 1728.7, 0, 0), ('2021-07-28', 'BUYING CHANCE!', 2310.75, 0, 0), ('2021-09-14', 'BUYING CHANCE!', 2648.7, 0, 0), ('2021-11-03', 'BUYING CHANCE!', 2729.45, 0, 0), ('2021-12-08', 'BOUGHT for', 2627.15, 2627.15, 23.0, 'HTP: ', 0, 'ema100: ', 2533.02, 'sl diff: ', 94.13000000000011, 'risk amount: ', 2155.236, 'current total fund: ', 215523.59999999998), ('2021-12-17', 'SOLD for', 2516.25, 2627.15, 'PNL: ', -4.221304455398439, 'REASON: Selling by Stop-loss hit', 'HTP: ', 2746.3, 'EMA100: ', 2542.88), ('2021-12-23', 'BUYING CHANCE!', 2599.25, 0, 0), ('2021-12-27', 'BUYING CHANCE!', 2601.4, 0, 0), ('2022-01-14', 'BUYING CHANCE!', 2642.95, 0, 0)]",True,False,False
PGHH,0,0,14250.56,0,"[('2019-02-08', 'BUYING CHANCE!', 10004.45, 0, 0), ('2019-03-27', 'BUYING CHANCE!', 10701.0, 0, 0), ('2019-05-13', 'BUYING CHANCE!', 10635.4, 0, 0), ('2019-06-21', 'BUYING CHANCE!', 10765.25, 0, 0), ('2019-06-24', 'BUYING CHANCE!', 10717.95, 0, 0), ('2019-07-31', 'BUYING CHANCE!', 10902.35, 0, 0), ('2019-09-24', 'BUYING CHANCE!', 11790.65, 0, 0), ('2020-01-20', 'BUYING CHANCE!', 11308.5, 0, 0), ('2020-02-01', 'BOUGHT for', 11984.65, 11984.65, 1.0, 'HTP: ', 0, 'ema100: ', 11218.16, 'sl diff: ', 766.4899999999998, 'risk amount: ', 978.9024999999997, 'current total fund: ', 97890.24999999997), ('2020-02-18', 'SOLD for', 11256.8, 11984.65, 'PNL: ', -6.07318528284097, 'REASON: Selling by Stop-loss hit', 'HTP: ', 11984.65, 'EMA100: ', 11279.81), ('2020-12-14', 'BUYING CHANCE!', 11403.45, 0, 0), ('2021-01-08', 'BUYING CHANCE!', 11257.05, 0, 0), ('2021-06-15', 'BUYING CHANCE!', 13152.25, 0, 0), ('2021-07-05', 'BUYING CHANCE!', 13600.75, 0, 0), ('2021-08-24', 'BUYING CHANCE!', 13038.55, 0, 0), ('2021-10-01', 'BOUGHT for', 14048.3, 14048.299999999997, 3.0, 'HTP: ', 0, 'ema100: ', 13298.48, 'sl diff: ', 749.8199999999997, 'risk amount: ', 2258.5375, 'current total fund: ', 225853.75), ('2021-10-18', 'BUYING CHANCE!', 14058.2, 14048.299999999997, 3.0), ('2021-12-20', 'SOLD for', 14256.0, 14048.299999999997, 'PNL: ', 1.48, 'REASON: Hit below Trailing Stop-loss', 'HTP: ', 15272.4, 'EMA100: ', 14220.27), ('2021-12-24', 'BUYING CHANCE!', 14686.8, 0, 0)]",False,False,False
PNB,0,0,39.65,0,"[('2019-04-12', 'BUYING CHANCE!', 93.35, 0, 0), ('2021-06-04', 'BUYING CHANCE!', 43.1, 0, 0), ('2021-06-23', 'BOUGHT for', 42.25, 42.25, 506.0, 'HTP: ', 0, 'ema100: ', 38.45, 'sl diff: ', 3.799999999999997, 'risk amount: ', 1921.4275, 'current total fund: ', 192142.75), ('2021-07-26', 'SOLD for', 39.35, 42.25, 'PNL: ', -6.863905325443785, 'REASON: Selling by Stop-loss hit', 'HTP: ', 43.35, 'EMA100: ', 39.41), ('2021-08-02', 'BUYING CHANCE!', 40.7, 0, 0), ('2021-10-04', 'BUYING CHANCE!', 41.1, 0, 0), ('2021-12-10', 'BUYING CHANCE!', 40.75, 0, 0), ('2022-02-02', 'BUYING CHANCE!', 42.8, 0, 0)]",False,False,False
SBICARD,0,0,1058.47,0,"[('2020-12-31', 'BUYING CHANCE!', 851.05, 0, 0), ('2021-04-16', 'BOUGHT for', 973.7, 973.7, 62.0, 'HTP: ', 0, 'ema100: ', 942.98, 'sl diff: ', 30.720000000000027, 'risk amount: ', 1895.5104999999999, 'current total fund: ', 189551.05), ('2021-04-23', 'SOLD for', 937.4, 973.7, 'PNL: ', -3.728047653281305, 'REASON: Selling by Stop-loss hit', 'HTP: ', 973.7, 'EMA100: ', 943.31), ('2021-04-28', 'BUYING CHANCE!', 993.25, 0, 0), ('2021-07-26', 'BUYING CHANCE!', 1017.25, 0, 0), ('2021-10-04', 'BUYING CHANCE!', 1071.95, 0, 0), ('2021-11-04', 'BUYING CHANCE!', 1120.6, 0, 0)]",True,False,False
SIEMENS,35.0,2325.3,2268.23,2439.05,"[('2019-03-29', 'BOUGHT for', 1128.8, 1128.8, 9.0, 'HTP: ', 0, 'ema100: ', 1012.71, 'sl diff: ', 116.08999999999992, 'risk amount: ', 1021.85, 'current total fund: ', 102185.0), ('2019-05-13', 'SOLD for', 1050.9, 1128.8, 'PNL: ', -6.901133947554913, 'REASON: Selling by Stop-loss hit', 'HTP: ', 1193.75, 'EMA100: ', 1068.65), ('2019-05-17', 'BUYING CHANCE!', 1125.95, 0, 0), ('2019-06-20', 'BOUGHT for', 1272.25, 1272.25, 7.0, 'HTP: ', 0, 'ema100: ', 1137.93, 'sl diff: ', 134.31999999999994, 'risk amount: ', 1002.8294999999998, 'current total fund: ', 100282.94999999998), ('2019-06-26', 'BUYING CHANCE!', 1253.1, 1272.25, 7.0), ('2019-07-25', 'SOLD for', 1171.6, 1272.25, 'PNL: ', -7.911180978581261, 'REASON: Selling by Stop-loss hit', 'HTP: ', 1357.65, 'EMA100: ', 1179.29), ('2019-12-19', 'BUYING CHANCE!', 1527.7, 0, 0), ('2020-01-14', 'BUYING CHANCE!', 1511.0, 0, 0), ('2020-11-06', 'BUYING CHANCE!', 1329.8, 0, 0), ('2021-02-02', 'BUYING CHANCE!', 1818.85, 0, 0), ('2021-03-23', 'BUYING CHANCE!', 1852.9, 0, 0), ('2021-04-01', 'BUYING CHANCE!', 1858.25, 0, 0), ('2021-04-05', 'BUYING CHANCE!', 1824.4, 0, 0), ('2021-04-09', 'BUYING CHANCE!', 1849.0, 0, 0), ('2021-04-16', 'BOUGHT for', 1847.75, 1847.75, 13.0, 'HTP: ', 0, 'ema100: ', 1705.29, 'sl diff: ', 142.46000000000004, 'risk amount: ', 1895.5104999999999, 'current total fund: ', 189551.05), ('2021-06-08', 'SOLD for', 2108.85, 1847.75, 'PNL: ', 14.130699499391147, 'REASON: Selling by Stochastic indication', 'HTP: ', 2140.7, 'EMA100: ', 1843.06), ('2021-07-05', 'BUYING CHANCE!', 2027.9, 0, 0), ('2021-07-16', 'BUYING CHANCE!', 2013.3, 0, 0), ('2021-08-03', 'BUYING CHANCE!', 2028.2, 0, 0), ('2021-10-04', 'BUYING CHANCE!', 2226.65, 0, 0), ('2021-12-08', 'BUYING CHANCE!', 2228.15, 0, 0), ('2022-01-13', 'BOUGHT for', 2360.1, 2360.1, 20.0, 'HTP: ', 0, 'ema100: ', 2253.98, 'sl diff: ', 106.11999999999989, 'risk amount: ', 2095.0519999999997, 'current total fund: ', 209505.19999999995), ('2022-01-24', 'SOLD for', 2230.75, 2360.1, 'PNL: ', -5.480699970340236, 'REASON: Selling by Stop-loss hit', 'HTP: ', 2397.1, 'EMA100: ', 2266.39), ('2022-01-31', 'BOUGHT for', 2325.3, 2325.3, 35.0, 'HTP: ', 0, 'ema100: ', 2268.23, 'sl diff: ', 57.070000000000164, 'risk amount: ', 1979.2064999999993, 'current total fund: ', 197920.64999999994)]",False,False,False
TORNTPHARM,0,0,2984.39,0,"[('2019-01-04', 'BUYING CHANCE!', 1817.15, 0, 0), ('2019-02-26', 'BOUGHT for', 1812.15, 1812.15, 18.0, 'HTP: ', 0, 'ema100: ', 1750.04, 'sl diff: ', 62.11000000000013, 'risk amount: ', 1092.0919999999999, 'current total fund: ', 109209.19999999998), ('2019-04-05', 'SOLD for', 1841.65, 1812.15, 'PNL: ', 1.63, 'REASON: Hit below Trailing Stop-loss', 'HTP: ', 1949.75, 'EMA100: ', 1792.77), ('2019-09-13', 'BUYING CHANCE!', 1721.25, 0, 0), ('2019-09-20', 'BUYING CHANCE!', 1727.2, 0, 0), ('2019-10-10', 'BOUGHT for', 1688.25, 1688.25, 36.0, 'HTP: ', 0, 'ema100: ', 1661.24, 'sl diff: ', 27.00999999999999, 'risk amount: ', 962.9074999999997, 'current total fund: ', 96290.74999999997), ('2019-10-11', 'SOLD for', 1644.35, 1688.25, 'PNL: ', -2.600325781134316, 'REASON: Selling by Stop-loss hit', 'HTP: ', 1688.25, 'EMA100: ', 1660.9), ('2019-10-14', 'BOUGHT for', 1697.95, 1697.95, 27.0, 'HTP: ', 0, 'ema100: ', 1661.64, 'sl diff: ', 36.309999999999945, 'risk amount: ', 962.9074999999997, 'current total fund: ', 96290.74999999997), ('2019-10-16', 'SOLD for', 1642.05, 1697.95, 'PNL: ', -3.292205306398898, 'REASON: Selling by Stop-loss hit', 'HTP: ', 1699.85, 'EMA100: ', 1661.99), ('2019-11-26', 'BUYING CHANCE!', 1788.1, 0, 0), ('2019-12-24', 'BUYING CHANCE!', 1857.1, 0, 0), ('2020-02-06', 'BUYING CHANCE!', 2001.4, 0, 0), ('2020-04-03', 'BOUGHT for', 2077.0, 2077.0, 7.0, 'HTP: ', 0, 'ema100: ', 1935.85, 'sl diff: ', 141.1500000000001, 'risk amount: ', 1013.4004999999996, 'current total fund: ', 101340.04999999996), ('2020-04-13', 'SOLD for', 2375.3, 2077.0, 'PNL: ', 14.36, 'REASON: Hit below Trailing Stop-loss', 'HTP: ', 2550.35, 'EMA100: ', 1975.73), ('2020-05-08', 'BOUGHT for', 2438.6, 2438.6, 3.0, 'HTP: ', 0, 'ema100: ', 2092.94, 'sl diff: ', 345.65999999999985, 'risk amount: ', 1018.579, 'current total fund: ', 101857.9), ('2020-05-27', 'SOLD for', 2402.55, 2438.6, 'PNL: ', -1.48, 'REASON: Hit below Trailing Stop-loss', 'HTP: ', 2618.75, 'EMA100: ', 2180.05), ('2020-06-11', 'BUYING CHANCE!', 2447.6, 0, 0), ('2020-07-16', 'BUYING CHANCE!', 2404.7, 0, 0), ('2020-09-03', 'BUYING CHANCE!', 2797.45, 0, 0), ('2020-09-29', 'BUYING CHANCE!', 2711.2, 0, 0), ('2020-11-13', 'BUYING CHANCE!', 2729.35, 0, 0), ('2021-01-21', 'BUYING CHANCE!', 2738.95, 0, 0), ('2021-02-05', 'BUYING CHANCE!', 2752.05, 0, 0), ('2021-05-19', 'BOUGHT for', 2754.4, 2754.4, 12.0, 'HTP: ', 0, 'ema100: ', 2594.1, 'sl diff: ', 160.30000000000018, 'risk amount: ', 1921.4275, 'current total fund: ', 192142.75), ('2021-08-11', 'SOLD for', 2902.05, 2754.4, 'PNL: ', 5.36, 'REASON: Hit below Trailing Stop-loss', 'HTP: ', 3101.5, 'EMA100: ', 2844.09), ('2021-08-17', 'BUYING CHANCE!', 3008.05, 0, 0), ('2021-09-27', 'BUYING CHANCE!', 3088.55, 0, 0), ('2021-10-05', 'BUYING CHANCE!', 3129.3, 0, 0), ('2021-10-12', 'BUYING CHANCE!', 3113.55, 0, 0)]",False,False,False
UBL,38.0,1619.2,1567.38,1670.85,"[('2019-01-04', 'BUYING CHANCE!', 1371.15, 0, 0), ('2019-03-01', 'BUYING CHANCE!', 1377.95, 0, 0), ('2019-03-28', 'BUYING CHANCE!', 1374.9, 0, 0), ('2019-03-29', 'BUYING CHANCE!', 1394.8, 0, 0), ('2019-05-21', 'BUYING CHANCE!', 1426.2, 0, 0), ('2019-07-08', 'BUYING CHANCE!', 1375.5, 0, 0), ('2021-01-08', 'BOUGHT for', 1249.95, 1249.95, 10.0, 'HTP: ', 0, 'ema100: ', 1067.52, 'sl diff: ', 182.43000000000006, 'risk amount: ', 1776.9434999999994, 'current total fund: ', 177694.34999999995), ('2021-02-16', 'BUYING CHANCE!', 1276.7, 1249.95, 10.0), ('2021-03-04', 'BUYING CHANCE!', 1234.4, 1249.95, 10.0), ('2021-04-05', 'SOLD for', 1150.05, 1249.95, 'PNL: ', -7.992319692787719, 'REASON: Selling by Stop-loss hit', 'HTP: ', 1301.3, 'EMA100: ', 1181.68), ('2021-04-28', 'BUYING CHANCE!', 1206.65, 0, 0), ('2021-08-20', 'BUYING CHANCE!', 1452.2, 0, 0), ('2021-10-05', 'BUYING CHANCE!', 1613.35, 0, 0), ('2021-10-06', 'BOUGHT for', 1589.15, 1589.15, 16.0, 'HTP: ', 0, 'ema100: ', 1448.92, 'sl diff: ', 140.23000000000002, 'risk amount: ', 2258.5375, 'current total fund: ', 225853.75), ('2021-10-22', 'SOLD for', 1630.4, 1589.15, 'PNL: ', 2.6, 'REASON: Hit below Trailing Stop-loss', 'HTP: ', 1723.4, 'EMA100: ', 1493.7), ('2021-12-10', 'BUYING CHANCE!', 1595.85, 0, 0), ('2021-12-31', 'BUYING CHANCE!', 1586.05, 0, 0), ('2022-01-06', 'BUYING CHANCE!', 1583.55, 0, 0), ('2022-01-31', 'BOUGHT for', 1619.2, 1619.2, 38.0, 'HTP: ', 0, 'ema100: ', 1567.38, 'sl diff: ', 51.819999999999936, 'risk amount: ', 1979.2064999999993, 'current total fund: ', 197920.64999999994)]",False,False,False
MCDOWELL-N,0,0,835.94,0,"[('2021-06-14', 'BUYING CHANCE!', 647.75, 0, 0), ('2021-07-16', 'BUYING CHANCE!', 667.4, 0, 0), ('2021-07-19', 'BUYING CHANCE!', 659.95, 0, 0), ('2021-08-13', 'BOUGHT for', 660.5, 660.5, 54.0, 'HTP: ', 0, 'ema100: ', 620.41, 'sl diff: ', 40.09000000000003, 'risk amount: ', 2159.9109999999996, 'current total fund: ', 215991.09999999995), ('2021-08-25', 'SOLD for', 683.65, 660.5, 'PNL: ', 3.5, 'REASON: Hit below Trailing Stop-loss', 'HTP: ', 724.45, 'EMA100: ', 629.42), ('2021-10-28', 'BUYING CHANCE!', 892.55, 0, 0), ('2021-12-09', 'BUYING CHANCE!', 929.95, 0, 0), ('2021-12-22', 'BOUGHT for', 903.75, 903.75, 31.0, 'HTP: ', 0, 'ema100: ', 835.94, 'sl diff: ', 67.80999999999995, 'risk amount: ', 2095.0519999999997, 'current total fund: ', 209505.19999999995), ('2022-01-24', 'SOLD for', 855.35, 903.75, 'PNL: ', -5.35546334716459, 'REASON: Selling by Stop-loss hit', 'HTP: ', 946.55, 'EMA100: ', 861.08)]",True,False,False
VEDL,0,0,322.83,0,"[('2020-12-24', 'BUYING CHANCE!', 162.85, 0, 0), ('2021-02-03', 'BUYING CHANCE!', 173.9, 0, 0), ('2021-04-16', 'BOUGHT for', 231.8, 231.8, 44.0, 'HTP: ', 0, 'ema100: ', 188.25, 'sl diff: ', 43.55000000000001, 'risk amount: ', 1895.5104999999999, 'current total fund: ', 189551.05), ('2021-05-14', 'SOLD for', 272.4, 231.8, 'PNL: ', 17.52, 'REASON: Hit below Trailing Stop-loss', 'HTP: ', 293.85, 'EMA100: ', 209.46), ('2021-06-28', 'BOUGHT for', 267.75, 267.75, 63.0, 'HTP: ', 0, 'ema100: ', 236.62, 'sl diff: ', 31.129999999999995, 'risk amount: ', 1972.3245000000002, 'current total fund: ', 197232.45), ('2021-07-26', 'BOUGHT for', 272.1, 270.1425, 140.0, 'HTP: ', 272.5, 'ema100: ', 246.43, 'sl diff: ', 25.670000000000016, 'risk amount: ', 1972.3245000000002, 'current total fund: ', 197232.45), ('2021-08-17', 'SOLD for', 303.15, 270.1425, 'PNL: ', 12.22, 'REASON: Hit below Trailing Stop-loss', 'HTP: ', 336.5, 'EMA100: ', 263.5), ('2021-10-05', 'BUYING CHANCE!', 303.0, 0, 0), ('2021-11-11', 'BUYING CHANCE!', 323.85, 0, 0), ('2021-12-23', 'BUYING CHANCE!', 344.0, 0, 0), ('2022-02-01', 'BUYING CHANCE!', 338.15, 0, 0)]",False,False,False
YESBANK,0,0,0,0,[],True,False,False
